-- Ticker Symbol Table
INSERT INTO `ibd50_ticker_symbols` (`id`, `name`, `symbol`, `type`) VALUES(1, 'Bitauto Hldgs Ltd Ads', 'BITA', 'Stock');
INSERT INTO `ibd50_ticker_symbols` (`id`, `name`, `symbol`, `type`) VALUES(2, 'Gentherm Inc', 'THRM', 'Stock');
INSERT INTO `ibd50_ticker_symbols` (`id`, `name`, `symbol`, `type`) VALUES(3, 'Avis Budget Group Inc', 'CAR', 'Stock');
INSERT INTO `ibd50_ticker_symbols` (`id`, `name`, `symbol`, `type`) VALUES(4, 'Facebook Inc Cl A', 'FB', 'Stock');
INSERT INTO `ibd50_ticker_symbols` (`id`, `name`, `symbol`, `type`) VALUES(5, 'Trinity Industries Inc', 'TRN', 'Stock');
INSERT INTO `ibd50_ticker_symbols` (`id`, `name`, `symbol`, `type`) VALUES(6, 'Actavis plc', 'ACT', 'Stock');
INSERT INTO `ibd50_ticker_symbols` (`id`, `name`, `symbol`, `type`) VALUES(7, 'Under Armour Inc Cl A', 'UA', 'Stock');
INSERT INTO `ibd50_ticker_symbols` (`id`, `name`, `symbol`, `type`) VALUES(8, 'Salix Pharmaceuticals', 'SLXP', 'Stock');
INSERT INTO `ibd50_ticker_symbols` (`id`, `name`, `symbol`, `type`) VALUES(9, 'GasLog Ltd', 'GLOG', 'Stock');
INSERT INTO `ibd50_ticker_symbols` (`id`, `name`, `symbol`, `type`) VALUES(10, 'Lithia Motors Inc Cl A', 'LAD', 'Stock');
INSERT INTO `ibd50_ticker_symbols` (`id`, `name`, `symbol`, `type`) VALUES(11, 'United Insurance Holding', 'UIHC', 'Stock');
INSERT INTO `ibd50_ticker_symbols` (`id`, `name`, `symbol`, `type`) VALUES(12, 'Skyworks Solutions Inc', 'SWKS', 'Stock');
INSERT INTO `ibd50_ticker_symbols` (`id`, `name`, `symbol`, `type`) VALUES(13, 'Alexion Pharmaceuticals', 'ALXN', 'Stock');
INSERT INTO `ibd50_ticker_symbols` (`id`, `name`, `symbol`, `type`) VALUES(14, 'Spirit Airlines Inc', 'SAVE', 'Stock');
INSERT INTO `ibd50_ticker_symbols` (`id`, `name`, `symbol`, `type`) VALUES(15, 'Sanchez Energy Corp', 'SN', 'Stock');
INSERT INTO `ibd50_ticker_symbols` (`id`, `name`, `symbol`, `type`) VALUES(16, 'Constellation Brands A', 'STZ', 'Stock');
INSERT INTO `ibd50_ticker_symbols` (`id`, `name`, `symbol`, `type`) VALUES(17, 'C B R E Group Inc', 'CBG', 'Stock');
INSERT INTO `ibd50_ticker_symbols` (`id`, `name`, `symbol`, `type`) VALUES(18, 'Continental Res Inc', 'CLR', 'Stock');
INSERT INTO `ibd50_ticker_symbols` (`id`, `name`, `symbol`, `type`) VALUES(19, 'Jazz Pharmaceuticals Plc', 'JAZZ', 'Stock');
INSERT INTO `ibd50_ticker_symbols` (`id`, `name`, `symbol`, `type`) VALUES(20, 'Akorn Inc', 'AKRX', 'Stock');
INSERT INTO `ibd50_ticker_symbols` (`id`, `name`, `symbol`, `type`) VALUES(21, 'Fleetcor Technologies', 'FLT', 'Stock');
INSERT INTO `ibd50_ticker_symbols` (`id`, `name`, `symbol`, `type`) VALUES(22, 'Arris Group Inc', 'ARRS', 'Stock');
INSERT INTO `ibd50_ticker_symbols` (`id`, `name`, `symbol`, `type`) VALUES(23, 'Ubiquiti Networks Inc', 'UBNT', 'Stock');
INSERT INTO `ibd50_ticker_symbols` (`id`, `name`, `symbol`, `type`) VALUES(24, 'Foot Locker Inc', 'FL', 'Stock');
INSERT INTO `ibd50_ticker_symbols` (`id`, `name`, `symbol`, `type`) VALUES(25, 'Biogen Idec Inc', 'BIIB', 'Stock');
INSERT INTO `ibd50_ticker_symbols` (`id`, `name`, `symbol`, `type`) VALUES(26, 'Penske Automotive Grp', 'PAG', 'Stock');
INSERT INTO `ibd50_ticker_symbols` (`id`, `name`, `symbol`, `type`) VALUES(27, 'E O G Resources Inc', 'EOG', 'Stock');
INSERT INTO `ibd50_ticker_symbols` (`id`, `name`, `symbol`, `type`) VALUES(28, 'Illumina Inc', 'ILMN', 'Stock');
INSERT INTO `ibd50_ticker_symbols` (`id`, `name`, `symbol`, `type`) VALUES(29, 'Diamondback Energy Inc', 'FANG', 'Stock');
INSERT INTO `ibd50_ticker_symbols` (`id`, `name`, `symbol`, `type`) VALUES(30, 'Kapstone Paper&Packaging', 'KS', 'Stock');
INSERT INTO `ibd50_ticker_symbols` (`id`, `name`, `symbol`, `type`) VALUES(31, 'Grifols Sa Ads', 'GRFS', 'Stock');
INSERT INTO `ibd50_ticker_symbols` (`id`, `name`, `symbol`, `type`) VALUES(32, 'Celgene Corp', 'CELG', 'Stock');
INSERT INTO `ibd50_ticker_symbols` (`id`, `name`, `symbol`, `type`) VALUES(33, 'Chipotle Mexican Grill', 'CMG', 'Stock');
INSERT INTO `ibd50_ticker_symbols` (`id`, `name`, `symbol`, `type`) VALUES(34, 'Gilead Sciences Inc', 'GILD', 'Stock');
INSERT INTO `ibd50_ticker_symbols` (`id`, `name`, `symbol`, `type`) VALUES(35, 'Vipshop Holdings Ltd Ads', 'VIPS', 'Stock');
INSERT INTO `ibd50_ticker_symbols` (`id`, `name`, `symbol`, `type`) VALUES(36, 'Qihoo 360 Technology Ads', 'QIHU', 'Stock');
INSERT INTO `ibd50_ticker_symbols` (`id`, `name`, `symbol`, `type`) VALUES(37, 'Michael Kors Hldgs Ltd', 'KORS', 'Stock');
INSERT INTO `ibd50_ticker_symbols` (`id`, `name`, `symbol`, `type`) VALUES(38, 'Old Dominion Fght Lines', 'ODFL', 'Stock');
INSERT INTO `ibd50_ticker_symbols` (`id`, `name`, `symbol`, `type`) VALUES(39, 'Emerge Energy Svcs LP', 'EMES', 'Stock');
INSERT INTO `ibd50_ticker_symbols` (`id`, `name`, `symbol`, `type`) VALUES(40, 'Align Technology Inc', 'ALGN', 'Stock');
INSERT INTO `ibd50_ticker_symbols` (`id`, `name`, `symbol`, `type`) VALUES(41, 'Epam Systems Inc', 'EPAM', 'Stock');
INSERT INTO `ibd50_ticker_symbols` (`id`, `name`, `symbol`, `type`) VALUES(42, 'Air Lease Corp Cl A', 'AL', 'Stock');
INSERT INTO `ibd50_ticker_symbols` (`id`, `name`, `symbol`, `type`) VALUES(43, 'Signature Bank', 'SBNY', 'Stock');
INSERT INTO `ibd50_ticker_symbols` (`id`, `name`, `symbol`, `type`) VALUES(44, 'Amtrust Financial Svcs', 'AFSI', 'Stock');
INSERT INTO `ibd50_ticker_symbols` (`id`, `name`, `symbol`, `type`) VALUES(45, 'Proto Labs Inc', 'PRLB', 'Stock');
INSERT INTO `ibd50_ticker_symbols` (`id`, `name`, `symbol`, `type`) VALUES(46, 'Wabtec', 'WAB', 'Stock');
INSERT INTO `ibd50_ticker_symbols` (`id`, `name`, `symbol`, `type`) VALUES(47, 'Alliance Data Sys Corp', 'ADS', 'Stock');
INSERT INTO `ibd50_ticker_symbols` (`id`, `name`, `symbol`, `type`) VALUES(48, 'F 5 Networks Inc', 'FFIV', 'Stock');
INSERT INTO `ibd50_ticker_symbols` (`id`, `name`, `symbol`, `type`) VALUES(49, 'YY Inc Ads', 'YY', 'Stock');
INSERT INTO `ibd50_ticker_symbols` (`id`, `name`, `symbol`, `type`) VALUES(50, 'Ambarella Inc', 'AMBA', 'Stock');
-- Tracking Table
INSERT INTO `ibd50_tracking` (`id`, `creation_time`, `modification_time`, `active`, `join_date`, `join_price`, `leave_price`, `leave_date`, `percent_return`, `symbol_id`) VALUES(1, '2014-07-07 00:00:00', '2014-07-07 00:00:00', b'1', '2014-07-07 00:00:00', '49.46', NULL, NULL, 0, 1);
INSERT INTO `ibd50_tracking` (`id`, `creation_time`, `modification_time`, `active`, `join_date`, `join_price`, `leave_price`, `leave_date`, `percent_return`, `symbol_id`) VALUES(2, '2014-07-07 00:00:00', '2014-07-07 00:00:00', b'1', '2014-07-07 00:00:00', '45.33', NULL, NULL, 0, 2);
INSERT INTO `ibd50_tracking` (`id`, `creation_time`, `modification_time`, `active`, `join_date`, `join_price`, `leave_price`, `leave_date`, `percent_return`, `symbol_id`) VALUES(3, '2014-07-07 00:00:00', '2014-07-07 00:00:00', b'1', '2014-07-07 00:00:00', '60.50', NULL, NULL, 0, 3);
INSERT INTO `ibd50_tracking` (`id`, `creation_time`, `modification_time`, `active`, `join_date`, `join_price`, `leave_price`, `leave_date`, `percent_return`, `symbol_id`) VALUES(4, '2014-07-07 00:00:00', '2014-07-07 00:00:00', b'1', '2014-07-07 00:00:00', '65.29', NULL, NULL, 0, 4);
INSERT INTO `ibd50_tracking` (`id`, `creation_time`, `modification_time`, `active`, `join_date`, `join_price`, `leave_price`, `leave_date`, `percent_return`, `symbol_id`) VALUES(5, '2014-07-07 00:00:00', '2014-07-07 00:00:00', b'1', '2014-07-07 00:00:00', '44.23', NULL, NULL, 0, 5);
INSERT INTO `ibd50_tracking` (`id`, `creation_time`, `modification_time`, `active`, `join_date`, `join_price`, `leave_price`, `leave_date`, `percent_return`, `symbol_id`) VALUES(6, '2014-07-07 00:00:00', '2014-07-07 00:00:00', b'1', '2014-07-07 00:00:00', '220.77', NULL, NULL, 0, 6);
INSERT INTO `ibd50_tracking` (`id`, `creation_time`, `modification_time`, `active`, `join_date`, `join_price`, `leave_price`, `leave_date`, `percent_return`, `symbol_id`) VALUES(7, '2014-07-07 00:00:00', '2014-07-07 00:00:00', b'1', '2014-07-07 00:00:00', '59.33', NULL, NULL, 0, 7);
INSERT INTO `ibd50_tracking` (`id`, `creation_time`, `modification_time`, `active`, `join_date`, `join_price`, `leave_price`, `leave_date`, `percent_return`, `symbol_id`) VALUES(8, '2014-07-07 00:00:00', '2014-07-07 00:00:00', b'1', '2014-07-07 00:00:00', '137.34', NULL, NULL, 0, 8);
INSERT INTO `ibd50_tracking` (`id`, `creation_time`, `modification_time`, `active`, `join_date`, `join_price`, `leave_price`, `leave_date`, `percent_return`, `symbol_id`) VALUES(9, '2014-07-07 00:00:00', '2014-07-07 00:00:00', b'1', '2014-07-07 00:00:00', '28.23', NULL, NULL, 0, 9);
INSERT INTO `ibd50_tracking` (`id`, `creation_time`, `modification_time`, `active`, `join_date`, `join_price`, `leave_price`, `leave_date`, `percent_return`, `symbol_id`) VALUES(10, '2014-07-07 00:00:00', '2014-07-07 00:00:00', b'1', '2014-07-07 00:00:00', '95.93', NULL, NULL, 0, 10);
INSERT INTO `ibd50_tracking` (`id`, `creation_time`, `modification_time`, `active`, `join_date`, `join_price`, `leave_price`, `leave_date`, `percent_return`, `symbol_id`) VALUES(11, '2014-07-07 00:00:00', '2014-07-07 00:00:00', b'1', '2014-07-07 00:00:00', '16.18', NULL, NULL, 0, 11);
INSERT INTO `ibd50_tracking` (`id`, `creation_time`, `modification_time`, `active`, `join_date`, `join_price`, `leave_price`, `leave_date`, `percent_return`, `symbol_id`) VALUES(12, '2014-07-07 00:00:00', '2014-07-07 00:00:00', b'1', '2014-07-07 00:00:00', '47.39', NULL, NULL, 0, 12);
INSERT INTO `ibd50_tracking` (`id`, `creation_time`, `modification_time`, `active`, `join_date`, `join_price`, `leave_price`, `leave_date`, `percent_return`, `symbol_id`) VALUES(13, '2014-07-07 00:00:00', '2014-07-07 00:00:00', b'1', '2014-07-07 00:00:00', '160.66', NULL, NULL, 0, 13);
INSERT INTO `ibd50_tracking` (`id`, `creation_time`, `modification_time`, `active`, `join_date`, `join_price`, `leave_price`, `leave_date`, `percent_return`, `symbol_id`) VALUES(14, '2014-07-07 00:00:00', '2014-07-07 00:00:00', b'1', '2014-07-07 00:00:00', '63.35', NULL, NULL, 0, 14);
INSERT INTO `ibd50_tracking` (`id`, `creation_time`, `modification_time`, `active`, `join_date`, `join_price`, `leave_price`, `leave_date`, `percent_return`, `symbol_id`) VALUES(15, '2014-07-07 00:00:00', '2014-07-07 00:00:00', b'1', '2014-07-07 00:00:00', '35.38', NULL, NULL, 0, 15);
INSERT INTO `ibd50_tracking` (`id`, `creation_time`, `modification_time`, `active`, `join_date`, `join_price`, `leave_price`, `leave_date`, `percent_return`, `symbol_id`) VALUES(16, '2014-07-07 00:00:00', '2014-07-07 00:00:00', b'1', '2014-07-07 00:00:00', '90.75', NULL, NULL, 0, 16);
INSERT INTO `ibd50_tracking` (`id`, `creation_time`, `modification_time`, `active`, `join_date`, `join_price`, `leave_price`, `leave_date`, `percent_return`, `symbol_id`) VALUES(17, '2014-07-07 00:00:00', '2014-07-07 00:00:00', b'1', '2014-07-07 00:00:00', '31.93', NULL, NULL, 0, 17);
INSERT INTO `ibd50_tracking` (`id`, `creation_time`, `modification_time`, `active`, `join_date`, `join_price`, `leave_price`, `leave_date`, `percent_return`, `symbol_id`) VALUES(18, '2014-07-07 00:00:00', '2014-07-07 00:00:00', b'1', '2014-07-07 00:00:00', '155.17', NULL, NULL, 0, 18);
INSERT INTO `ibd50_tracking` (`id`, `creation_time`, `modification_time`, `active`, `join_date`, `join_price`, `leave_price`, `leave_date`, `percent_return`, `symbol_id`) VALUES(19, '2014-07-07 00:00:00', '2014-07-07 00:00:00', b'1', '2014-07-07 00:00:00', '156.35', NULL, NULL, 0, 19);
INSERT INTO `ibd50_tracking` (`id`, `creation_time`, `modification_time`, `active`, `join_date`, `join_price`, `leave_price`, `leave_date`, `percent_return`, `symbol_id`) VALUES(20, '2014-07-07 00:00:00', '2014-07-07 00:00:00', b'1', '2014-07-07 00:00:00', '32.60', NULL, NULL, 0, 20);
INSERT INTO `ibd50_tracking` (`id`, `creation_time`, `modification_time`, `active`, `join_date`, `join_price`, `leave_price`, `leave_date`, `percent_return`, `symbol_id`) VALUES(21, '2014-07-07 00:00:00', '2014-07-07 00:00:00', b'1', '2014-07-07 00:00:00', '131.02', NULL, NULL, 0, 21);
INSERT INTO `ibd50_tracking` (`id`, `creation_time`, `modification_time`, `active`, `join_date`, `join_price`, `leave_price`, `leave_date`, `percent_return`, `symbol_id`) VALUES(22, '2014-07-07 00:00:00', '2014-07-07 00:00:00', b'1', '2014-07-07 00:00:00', '32.41', NULL, NULL, 0, 22);
INSERT INTO `ibd50_tracking` (`id`, `creation_time`, `modification_time`, `active`, `join_date`, `join_price`, `leave_price`, `leave_date`, `percent_return`, `symbol_id`) VALUES(23, '2014-07-07 00:00:00', '2014-07-07 00:00:00', b'1', '2014-07-07 00:00:00', '45.41', NULL, NULL, 0, 23);
INSERT INTO `ibd50_tracking` (`id`, `creation_time`, `modification_time`, `active`, `join_date`, `join_price`, `leave_price`, `leave_date`, `percent_return`, `symbol_id`) VALUES(24, '2014-07-07 00:00:00', '2014-07-07 00:00:00', b'1', '2014-07-07 00:00:00', '51.05', NULL, NULL, 0, 24);
INSERT INTO `ibd50_tracking` (`id`, `creation_time`, `modification_time`, `active`, `join_date`, `join_price`, `leave_price`, `leave_date`, `percent_return`, `symbol_id`) VALUES(25, '2014-07-07 00:00:00', '2014-07-07 00:00:00', b'1', '2014-07-07 00:00:00', '325.68', NULL, NULL, 0, 25);
INSERT INTO `ibd50_tracking` (`id`, `creation_time`, `modification_time`, `active`, `join_date`, `join_price`, `leave_price`, `leave_date`, `percent_return`, `symbol_id`) VALUES(26, '2014-07-07 00:00:00', '2014-07-07 00:00:00', b'1', '2014-07-07 00:00:00', '50.44', NULL, NULL, 0, 26);
INSERT INTO `ibd50_tracking` (`id`, `creation_time`, `modification_time`, `active`, `join_date`, `join_price`, `leave_price`, `leave_date`, `percent_return`, `symbol_id`) VALUES(27, '2014-07-07 00:00:00', '2014-07-07 00:00:00', b'1', '2014-07-07 00:00:00', '115.73', NULL, NULL, 0, 27);
INSERT INTO `ibd50_tracking` (`id`, `creation_time`, `modification_time`, `active`, `join_date`, `join_price`, `leave_price`, `leave_date`, `percent_return`, `symbol_id`) VALUES(28, '2014-07-07 00:00:00', '2014-07-07 00:00:00', b'1', '2014-07-07 00:00:00', '178.04', NULL, NULL, 0, 28);
INSERT INTO `ibd50_tracking` (`id`, `creation_time`, `modification_time`, `active`, `join_date`, `join_price`, `leave_price`, `leave_date`, `percent_return`, `symbol_id`) VALUES(29, '2014-07-07 00:00:00', '2014-07-07 00:00:00', b'1', '2014-07-07 00:00:00', '87.31', NULL, NULL, 0, 29);
INSERT INTO `ibd50_tracking` (`id`, `creation_time`, `modification_time`, `active`, `join_date`, `join_price`, `leave_price`, `leave_date`, `percent_return`, `symbol_id`) VALUES(30, '2014-07-07 00:00:00', '2014-07-07 00:00:00', b'1', '2014-07-07 00:00:00', '30.55', NULL, NULL, 0, 30);
INSERT INTO `ibd50_tracking` (`id`, `creation_time`, `modification_time`, `active`, `join_date`, `join_price`, `leave_price`, `leave_date`, `percent_return`, `symbol_id`) VALUES(31, '2014-07-07 00:00:00', '2014-07-07 00:00:00', b'1', '2014-07-07 00:00:00', '42.10', NULL, NULL, 0, 31);
INSERT INTO `ibd50_tracking` (`id`, `creation_time`, `modification_time`, `active`, `join_date`, `join_price`, `leave_price`, `leave_date`, `percent_return`, `symbol_id`) VALUES(32, '2014-07-07 00:00:00', '2014-07-07 00:00:00', b'1', '2014-07-07 00:00:00', '88.86', NULL, NULL, 0, 32);
INSERT INTO `ibd50_tracking` (`id`, `creation_time`, `modification_time`, `active`, `join_date`, `join_price`, `leave_price`, `leave_date`, `percent_return`, `symbol_id`) VALUES(33, '2014-07-07 00:00:00', '2014-07-07 00:00:00', b'1', '2014-07-07 00:00:00', '593.83', NULL, NULL, 0, 33);
INSERT INTO `ibd50_tracking` (`id`, `creation_time`, `modification_time`, `active`, `join_date`, `join_price`, `leave_price`, `leave_date`, `percent_return`, `symbol_id`) VALUES(34, '2014-07-07 00:00:00', '2014-07-07 00:00:00', b'1', '2014-07-07 00:00:00', '87.21', NULL, NULL, 0, 34);
INSERT INTO `ibd50_tracking` (`id`, `creation_time`, `modification_time`, `active`, `join_date`, `join_price`, `leave_price`, `leave_date`, `percent_return`, `symbol_id`) VALUES(35, '2014-07-07 00:00:00', '2014-07-07 00:00:00', b'1', '2014-07-07 00:00:00', '195.53', NULL, NULL, 0, 35);
INSERT INTO `ibd50_tracking` (`id`, `creation_time`, `modification_time`, `active`, `join_date`, `join_price`, `leave_price`, `leave_date`, `percent_return`, `symbol_id`) VALUES(36, '2014-07-07 00:00:00', '2014-07-07 00:00:00', b'1', '2014-07-07 00:00:00', '93.14', NULL, NULL, 0, 36);
INSERT INTO `ibd50_tracking` (`id`, `creation_time`, `modification_time`, `active`, `join_date`, `join_price`, `leave_price`, `leave_date`, `percent_return`, `symbol_id`) VALUES(37, '2014-07-07 00:00:00', '2014-07-07 00:00:00', b'1', '2014-07-07 00:00:00', '91.16', NULL, NULL, 0, 37);
INSERT INTO `ibd50_tracking` (`id`, `creation_time`, `modification_time`, `active`, `join_date`, `join_price`, `leave_price`, `leave_date`, `percent_return`, `symbol_id`) VALUES(38, '2014-07-07 00:00:00', '2014-07-07 00:00:00', b'1', '2014-07-07 00:00:00', '63.41', NULL, NULL, 0, 38);
INSERT INTO `ibd50_tracking` (`id`, `creation_time`, `modification_time`, `active`, `join_date`, `join_price`, `leave_price`, `leave_date`, `percent_return`, `symbol_id`) VALUES(39, '2014-07-07 00:00:00', '2014-07-07 00:00:00', b'1', '2014-07-07 00:00:00', '107.90', NULL, NULL, 0, 39);
INSERT INTO `ibd50_tracking` (`id`, `creation_time`, `modification_time`, `active`, `join_date`, `join_price`, `leave_price`, `leave_date`, `percent_return`, `symbol_id`) VALUES(40, '2014-07-07 00:00:00', '2014-07-07 00:00:00', b'1', '2014-07-07 00:00:00', '56.12', NULL, NULL, 0, 40);
INSERT INTO `ibd50_tracking` (`id`, `creation_time`, `modification_time`, `active`, `join_date`, `join_price`, `leave_price`, `leave_date`, `percent_return`, `symbol_id`) VALUES(41, '2014-07-07 00:00:00', '2014-07-07 00:00:00', b'1', '2014-07-07 00:00:00', '41.80', NULL, NULL, 0, 41);
INSERT INTO `ibd50_tracking` (`id`, `creation_time`, `modification_time`, `active`, `join_date`, `join_price`, `leave_price`, `leave_date`, `percent_return`, `symbol_id`) VALUES(42, '2014-07-07 00:00:00', '2014-07-07 00:00:00', b'1', '2014-07-07 00:00:00', '37.59', NULL, NULL, 0, 42);
INSERT INTO `ibd50_tracking` (`id`, `creation_time`, `modification_time`, `active`, `join_date`, `join_price`, `leave_price`, `leave_date`, `percent_return`, `symbol_id`) VALUES(43, '2014-07-07 00:00:00', '2014-07-07 00:00:00', b'1', '2014-07-07 00:00:00', '126.14', NULL, NULL, 0, 43);
INSERT INTO `ibd50_tracking` (`id`, `creation_time`, `modification_time`, `active`, `join_date`, `join_price`, `leave_price`, `leave_date`, `percent_return`, `symbol_id`) VALUES(44, '2014-07-07 00:00:00', '2014-07-07 00:00:00', b'1', '2014-07-07 00:00:00', '42.07', NULL, NULL, 0, 44);
INSERT INTO `ibd50_tracking` (`id`, `creation_time`, `modification_time`, `active`, `join_date`, `join_price`, `leave_price`, `leave_date`, `percent_return`, `symbol_id`) VALUES(45, '2014-07-07 00:00:00', '2014-07-07 00:00:00', b'1', '2014-07-07 00:00:00', '83.43', NULL, NULL, 0, 45);
INSERT INTO `ibd50_tracking` (`id`, `creation_time`, `modification_time`, `active`, `join_date`, `join_price`, `leave_price`, `leave_date`, `percent_return`, `symbol_id`) VALUES(46, '2014-07-07 00:00:00', '2014-07-07 00:00:00', b'1', '2014-07-07 00:00:00', '82.86', NULL, NULL, 0, 46);
INSERT INTO `ibd50_tracking` (`id`, `creation_time`, `modification_time`, `active`, `join_date`, `join_price`, `leave_price`, `leave_date`, `percent_return`, `symbol_id`) VALUES(47, '2014-07-07 00:00:00', '2014-07-07 00:00:00', b'1', '2014-07-07 00:00:00', '279.29', NULL, NULL, 0, 47);
INSERT INTO `ibd50_tracking` (`id`, `creation_time`, `modification_time`, `active`, `join_date`, `join_price`, `leave_price`, `leave_date`, `percent_return`, `symbol_id`) VALUES(48, '2014-07-07 00:00:00', '2014-07-07 00:00:00', b'1', '2014-07-07 00:00:00', '112.24', NULL, NULL, 0, 48);
INSERT INTO `ibd50_tracking` (`id`, `creation_time`, `modification_time`, `active`, `join_date`, `join_price`, `leave_price`, `leave_date`, `percent_return`, `symbol_id`) VALUES(49, '2014-07-07 00:00:00', '2014-07-07 00:00:00', b'1', '2014-07-07 00:00:00', '75.10', NULL, NULL, 0, 49);
INSERT INTO `ibd50_tracking` (`id`, `creation_time`, `modification_time`, `active`, `join_date`, `join_price`, `leave_price`, `leave_date`, `percent_return`, `symbol_id`) VALUES(50, '2014-07-07 00:00:00', '2014-07-07 00:00:00', b'1', '2014-07-07 00:00:00', '31.93', NULL, NULL, 0, 50);
-- Ranking Table
INSERT INTO `ibd50_ranking` (`id`, `creation_time`, `modification_time`, `acc_dis_rating`, `annual_profit_margin_latest_year`, `annual_roe_last_year`, `composite_rating`, `current_price`, `eps_estimated_percent_change_current_year`, `eps_percent_change_current_qtr`, `eps_percent_change_last_qtr`, `eps_percent_change_prior_qtr`, `eps_rating`, `group_relative_strength_rating`, `management_own_percent`, `percent_off_high`, `price_change`, `price_percent_change`, `qtrs_rising_sponsorship`, `rank`, `rank_date`, `rs_rating`, `sale_percent_change_last_qtr`, `smr_rating`, `volume`, `volume_percent_change`, `symbol_id`, `tracking_id`) VALUES(1, '2014-07-07 00:00:00', '2014-07-07 00:00:00', 'B', 19.7, 21.4, 97, '50.67', 50, 70, 100, 58, 99, 'B-', 64, 2.01, '2.61', 5.4, 0, 1, '2014-07-07 00:00:00', 99, 47, 'A', 1591, 69.3, 1, 1);
INSERT INTO `ibd50_ranking` (`id`, `creation_time`, `modification_time`, `acc_dis_rating`, `annual_profit_margin_latest_year`, `annual_roe_last_year`, `composite_rating`, `current_price`, `eps_estimated_percent_change_current_year`, `eps_percent_change_current_qtr`, `eps_percent_change_last_qtr`, `eps_percent_change_prior_qtr`, `eps_rating`, `group_relative_strength_rating`, `management_own_percent`, `percent_off_high`, `price_change`, `price_percent_change`, `qtrs_rising_sponsorship`, `rank`, `rank_date`, `rs_rating`, `sale_percent_change_last_qtr`, `smr_rating`, `volume`, `volume_percent_change`, `symbol_id`, `tracking_id`) VALUES(2, '2014-07-07 00:00:00', '2014-07-07 00:00:00', 'B+', 9.4, 23, 99, '46.45', 23, 57, 70, 167, 99, 'A', 3, 0.02, '0.84', 1.8, 6, 2, '2014-07-07 00:00:00', 99, 31, 'A', 356, -44.1, 2, 2);
INSERT INTO `ibd50_ranking` (`id`, `creation_time`, `modification_time`, `acc_dis_rating`, `annual_profit_margin_latest_year`, `annual_roe_last_year`, `composite_rating`, `current_price`, `eps_estimated_percent_change_current_year`, `eps_percent_change_current_qtr`, `eps_percent_change_last_qtr`, `eps_percent_change_prior_qtr`, `eps_rating`, `group_relative_strength_rating`, `management_own_percent`, `percent_off_high`, `price_change`, `price_percent_change`, `qtrs_rising_sponsorship`, `rank`, `rank_date`, `rs_rating`, `sale_percent_change_last_qtr`, `smr_rating`, `volume`, `volume_percent_change`, `symbol_id`, `tracking_id`) VALUES(3, '2014-07-07 00:00:00', '2014-07-07 00:00:00', 'B+', 5.2, 33.4, 96, '60.26', 30, 22, 100, NULL, 99, 'B', 2, -2.73, '0.43', 0.7, 0, 3, '2014-07-07 00:00:00', 97, 10, 'B', 554, -63.2, 3, 3);
INSERT INTO `ibd50_ranking` (`id`, `creation_time`, `modification_time`, `acc_dis_rating`, `annual_profit_margin_latest_year`, `annual_roe_last_year`, `composite_rating`, `current_price`, `eps_estimated_percent_change_current_year`, `eps_percent_change_current_qtr`, `eps_percent_change_last_qtr`, `eps_percent_change_prior_qtr`, `eps_rating`, `group_relative_strength_rating`, `management_own_percent`, `percent_off_high`, `price_change`, `price_percent_change`, `qtrs_rising_sponsorship`, `rank`, `rank_date`, `rs_rating`, `sale_percent_change_last_qtr`, `smr_rating`, `volume`, `volume_percent_change`, `symbol_id`, `tracking_id`) VALUES(4, '2014-07-07 00:00:00', '2014-07-07 00:00:00', 'C-', 47.7, 16.2, 98, '66.34', 63, 68, 183, 82, 99, 'B-', 1, -8.61, '1.47', 2.3, 7, 4, '2014-07-07 00:00:00', 96, 72, 'A', 39212, -16.7, 4, 4);
INSERT INTO `ibd50_ranking` (`id`, `creation_time`, `modification_time`, `acc_dis_rating`, `annual_profit_margin_latest_year`, `annual_roe_last_year`, `composite_rating`, `current_price`, `eps_estimated_percent_change_current_year`, `eps_percent_change_current_qtr`, `eps_percent_change_last_qtr`, `eps_percent_change_prior_qtr`, `eps_rating`, `group_relative_strength_rating`, `management_own_percent`, `percent_off_high`, `price_change`, `price_percent_change`, `qtrs_rising_sponsorship`, `rank`, `rank_date`, `rs_rating`, `sale_percent_change_last_qtr`, `smr_rating`, `volume`, `volume_percent_change`, `symbol_id`, `tracking_id`) VALUES(5, '2014-07-07 00:00:00', '2014-07-07 00:00:00', 'B-', 13.5, 16.6, 99, '44.34', 61, 43, 211, 60, 97, 'A+', 2, -3.61, '0.21', 0.5, 1, 5, '2014-07-07 00:00:00', 98, 57, 'A', 1290, -61.6, 5, 5);
INSERT INTO `ibd50_ranking` (`id`, `creation_time`, `modification_time`, `acc_dis_rating`, `annual_profit_margin_latest_year`, `annual_roe_last_year`, `composite_rating`, `current_price`, `eps_estimated_percent_change_current_year`, `eps_percent_change_current_qtr`, `eps_percent_change_last_qtr`, `eps_percent_change_prior_qtr`, `eps_rating`, `group_relative_strength_rating`, `management_own_percent`, `percent_off_high`, `price_change`, `price_percent_change`, `qtrs_rising_sponsorship`, `rank`, `rank_date`, `rs_rating`, `sale_percent_change_last_qtr`, `smr_rating`, `volume`, `volume_percent_change`, `symbol_id`, `tracking_id`) VALUES(6, '2014-07-07 00:00:00', '2014-07-07 00:00:00', 'B-', 20.7, 20.5, 99, '217.65', 43, 67, 75, 99, 99, 'A+', 0, -5.69, '1.13', 0.5, 0, 6, '2014-07-07 00:00:00', 93, 40, 'A', 1067, -53.5, 6, 6);
INSERT INTO `ibd50_ranking` (`id`, `creation_time`, `modification_time`, `acc_dis_rating`, `annual_profit_margin_latest_year`, `annual_roe_last_year`, `composite_rating`, `current_price`, `eps_estimated_percent_change_current_year`, `eps_percent_change_current_qtr`, `eps_percent_change_last_qtr`, `eps_percent_change_prior_qtr`, `eps_rating`, `group_relative_strength_rating`, `management_own_percent`, `percent_off_high`, `price_change`, `price_percent_change`, `qtrs_rising_sponsorship`, `rank`, `rank_date`, `rs_rating`, `sale_percent_change_last_qtr`, `smr_rating`, `volume`, `volume_percent_change`, `symbol_id`, `tracking_id`) VALUES(7, '2014-07-07 00:00:00', '2014-07-07 00:00:00', 'C', 11.2, 17.4, 98, '58.74', 23, -13, 50, 25, 98, 'B+', 19, -5.86, '0.55', 0.9, 2, 7, '2014-07-07 00:00:00', 95, 36, 'A', 1380, -60.9, 7, 7);
INSERT INTO `ibd50_ranking` (`id`, `creation_time`, `modification_time`, `acc_dis_rating`, `annual_profit_margin_latest_year`, `annual_roe_last_year`, `composite_rating`, `current_price`, `eps_estimated_percent_change_current_year`, `eps_percent_change_current_qtr`, `eps_percent_change_last_qtr`, `eps_percent_change_prior_qtr`, `eps_rating`, `group_relative_strength_rating`, `management_own_percent`, `percent_off_high`, `price_change`, `price_percent_change`, `qtrs_rising_sponsorship`, `rank`, `rank_date`, `rs_rating`, `sale_percent_change_last_qtr`, `smr_rating`, `volume`, `volume_percent_change`, `symbol_id`, `tracking_id`) VALUES(8, '2014-07-07 00:00:00', '2014-07-07 00:00:00', 'B-', 35.8, 34.3, 99, '131.81', 92, 125, 67, 31, 97, 'A+', 3, -7.05, '-2.03', -1.5, 6, 8, '2014-07-07 00:00:00', 97, 90, 'A', 1024, -11.9, 8, 8);
INSERT INTO `ibd50_ranking` (`id`, `creation_time`, `modification_time`, `acc_dis_rating`, `annual_profit_margin_latest_year`, `annual_roe_last_year`, `composite_rating`, `current_price`, `eps_estimated_percent_change_current_year`, `eps_percent_change_current_qtr`, `eps_percent_change_last_qtr`, `eps_percent_change_prior_qtr`, `eps_rating`, `group_relative_strength_rating`, `management_own_percent`, `percent_off_high`, `price_change`, `price_percent_change`, `qtrs_rising_sponsorship`, `rank`, `rank_date`, `rs_rating`, `sale_percent_change_last_qtr`, `smr_rating`, `volume`, `volume_percent_change`, `symbol_id`, `tracking_id`) VALUES(9, '2014-07-07 00:00:00', '2014-07-07 00:00:00', 'B', 24.9, 6.3, 99, '27.16', 35, 36, 160, 833, 99, 'A+', 51, -16.28, '-0.31', -1.1, 4, 9, '2014-07-07 00:00:00', 97, 162, 'A', 667, -56, 9, 9);
INSERT INTO `ibd50_ranking` (`id`, `creation_time`, `modification_time`, `acc_dis_rating`, `annual_profit_margin_latest_year`, `annual_roe_last_year`, `composite_rating`, `current_price`, `eps_estimated_percent_change_current_year`, `eps_percent_change_current_qtr`, `eps_percent_change_last_qtr`, `eps_percent_change_prior_qtr`, `eps_rating`, `group_relative_strength_rating`, `management_own_percent`, `percent_off_high`, `price_change`, `price_percent_change`, `qtrs_rising_sponsorship`, `rank`, `rank_date`, `rs_rating`, `sale_percent_change_last_qtr`, `smr_rating`, `volume`, `volume_percent_change`, `symbol_id`, `tracking_id`) VALUES(10, '2014-07-07 00:00:00', '2014-07-07 00:00:00', 'B+', 4.2, 21.7, 99, '93.70', 19, 18, 23, 32, 97, 'A+', 3, -3.6, '-0.70', -0.7, 0, 10, '2014-07-07 00:00:00', 95, 19, 'A', 310, -15.2, 10, 10);
INSERT INTO `ibd50_ranking` (`id`, `creation_time`, `modification_time`, `acc_dis_rating`, `annual_profit_margin_latest_year`, `annual_roe_last_year`, `composite_rating`, `current_price`, `eps_estimated_percent_change_current_year`, `eps_percent_change_current_qtr`, `eps_percent_change_last_qtr`, `eps_percent_change_prior_qtr`, `eps_rating`, `group_relative_strength_rating`, `management_own_percent`, `percent_off_high`, `price_change`, `price_percent_change`, `qtrs_rising_sponsorship`, `rank`, `rank_date`, `rs_rating`, `sale_percent_change_last_qtr`, `smr_rating`, `volume`, `volume_percent_change`, `symbol_id`, `tracking_id`) VALUES(11, '2014-07-07 00:00:00', '2014-07-07 00:00:00', 'C', 16.6, 20.8, 96, '15.99', 33, 39, 141, 400, 98, 'B+', 20, -13.85, '-0.29', -1.8, 7, 11, '2014-07-07 00:00:00', 96, 53, 'A', 142, -54.6, 11, 11);
INSERT INTO `ibd50_ranking` (`id`, `creation_time`, `modification_time`, `acc_dis_rating`, `annual_profit_margin_latest_year`, `annual_roe_last_year`, `composite_rating`, `current_price`, `eps_estimated_percent_change_current_year`, `eps_percent_change_current_qtr`, `eps_percent_change_last_qtr`, `eps_percent_change_prior_qtr`, `eps_rating`, `group_relative_strength_rating`, `management_own_percent`, `percent_off_high`, `price_change`, `price_percent_change`, `qtrs_rising_sponsorship`, `rank`, `rank_date`, `rs_rating`, `sale_percent_change_last_qtr`, `smr_rating`, `volume`, `volume_percent_change`, `symbol_id`, `tracking_id`) VALUES(12, '2014-07-07 00:00:00', '2014-07-07 00:00:00', 'B+', 25.4, 21.1, 99, '47.23', 35, 48, 29, 22, 95, 'A+', 1, -3.81, '0.38', 0.8, 0, 12, '2014-07-07 00:00:00', 98, 13, 'A', 1977, -32.7, 12, 12);
INSERT INTO `ibd50_ranking` (`id`, `creation_time`, `modification_time`, `acc_dis_rating`, `annual_profit_margin_latest_year`, `annual_roe_last_year`, `composite_rating`, `current_price`, `eps_estimated_percent_change_current_year`, `eps_percent_change_current_qtr`, `eps_percent_change_last_qtr`, `eps_percent_change_prior_qtr`, `eps_rating`, `group_relative_strength_rating`, `management_own_percent`, `percent_off_high`, `price_change`, `price_percent_change`, `qtrs_rising_sponsorship`, `rank`, `rank_date`, `rs_rating`, `sale_percent_change_last_qtr`, `smr_rating`, `volume`, `volume_percent_change`, `symbol_id`, `tracking_id`) VALUES(13, '2014-07-07 00:00:00', '2014-07-07 00:00:00', 'C', 42.9, 28.7, 99, '163.21', 58, 47, 135, 45, 99, 'C+', 2, -11.98, '0.32', 0.2, 0, 13, '2014-07-07 00:00:00', 91, 67, 'A', 724, -38, 13, 13);
INSERT INTO `ibd50_ranking` (`id`, `creation_time`, `modification_time`, `acc_dis_rating`, `annual_profit_margin_latest_year`, `annual_roe_last_year`, `composite_rating`, `current_price`, `eps_estimated_percent_change_current_year`, `eps_percent_change_current_qtr`, `eps_percent_change_last_qtr`, `eps_percent_change_prior_qtr`, `eps_rating`, `group_relative_strength_rating`, `management_own_percent`, `percent_off_high`, `price_change`, `price_percent_change`, `qtrs_rising_sponsorship`, `rank`, `rank_date`, `rs_rating`, `sale_percent_change_last_qtr`, `smr_rating`, `volume`, `volume_percent_change`, `symbol_id`, `tracking_id`) VALUES(14, '2014-07-07 00:00:00', '2014-07-07 00:00:00', 'D+', 17.1, 26.3, 98, '63.78', 21, 22, 16, 107, 96, 'A', 0, -2.09, '-0.54', -0.8, 6, 14, '2014-07-07 00:00:00', 95, 18, 'A', 403, -58.6, 14, 14);
INSERT INTO `ibd50_ranking` (`id`, `creation_time`, `modification_time`, `acc_dis_rating`, `annual_profit_margin_latest_year`, `annual_roe_last_year`, `composite_rating`, `current_price`, `eps_estimated_percent_change_current_year`, `eps_percent_change_current_qtr`, `eps_percent_change_last_qtr`, `eps_percent_change_prior_qtr`, `eps_rating`, `group_relative_strength_rating`, `management_own_percent`, `percent_off_high`, `price_change`, `price_percent_change`, `qtrs_rising_sponsorship`, `rank`, `rank_date`, `rs_rating`, `sale_percent_change_last_qtr`, `smr_rating`, `volume`, `volume_percent_change`, `symbol_id`, `tracking_id`) VALUES(15, '2014-07-07 00:00:00', '2014-07-07 00:00:00', 'B-', 18.8, 9, 99, '32.92', 16, 53, 46, 440, 99, 'A+', 2, -15.48, '-1.33', -3.9, 0, 15, '2014-07-07 00:00:00', 88, 334, 'A', 1274, -17.8, 15, 15);
INSERT INTO `ibd50_ranking` (`id`, `creation_time`, `modification_time`, `acc_dis_rating`, `annual_profit_margin_latest_year`, `annual_roe_last_year`, `composite_rating`, `current_price`, `eps_estimated_percent_change_current_year`, `eps_percent_change_current_qtr`, `eps_percent_change_last_qtr`, `eps_percent_change_prior_qtr`, `eps_rating`, `group_relative_strength_rating`, `management_own_percent`, `percent_off_high`, `price_change`, `price_percent_change`, `qtrs_rising_sponsorship`, `rank`, `rank_date`, `rs_rating`, `sale_percent_change_last_qtr`, `smr_rating`, `volume`, `volume_percent_change`, `symbol_id`, `tracking_id`) VALUES(16, '2014-07-07 00:00:00', '2014-07-07 00:00:00', 'A+', 19.2, 16.4, 98, '89.47', 30, 21, 182, 72, 97, 'B+', 6, -5.59, '-0.45', -0.5, 5, 16, '2014-07-07 00:00:00', 92, 127, 'A', 856, -32.6, 16, 16);
INSERT INTO `ibd50_ranking` (`id`, `creation_time`, `modification_time`, `acc_dis_rating`, `annual_profit_margin_latest_year`, `annual_roe_last_year`, `composite_rating`, `current_price`, `eps_estimated_percent_change_current_year`, `eps_percent_change_current_qtr`, `eps_percent_change_last_qtr`, `eps_percent_change_prior_qtr`, `eps_rating`, `group_relative_strength_rating`, `management_own_percent`, `percent_off_high`, `price_change`, `price_percent_change`, `qtrs_rising_sponsorship`, `rank`, `rank_date`, `rs_rating`, `sale_percent_change_last_qtr`, `smr_rating`, `volume`, `volume_percent_change`, `symbol_id`, `tracking_id`) VALUES(17, '2014-07-07 00:00:00', '2014-07-07 00:00:00', 'B+', 10.1, 27.5, 99, '32.55', 18, 19, 56, 20, 96, 'A-', 16, -0.58, '-0.08', -0.2, 1, 17, '2014-07-07 00:00:00', 91, 26, 'A', 1462, -32.8, 17, 17);
INSERT INTO `ibd50_ranking` (`id`, `creation_time`, `modification_time`, `acc_dis_rating`, `annual_profit_margin_latest_year`, `annual_roe_last_year`, `composite_rating`, `current_price`, `eps_estimated_percent_change_current_year`, `eps_percent_change_current_qtr`, `eps_percent_change_last_qtr`, `eps_percent_change_prior_qtr`, `eps_rating`, `group_relative_strength_rating`, `management_own_percent`, `percent_off_high`, `price_change`, `price_percent_change`, `qtrs_rising_sponsorship`, `rank`, `rank_date`, `rs_rating`, `sale_percent_change_last_qtr`, `smr_rating`, `volume`, `volume_percent_change`, `symbol_id`, `tracking_id`) VALUES(18, '2014-07-07 00:00:00', '2014-07-07 00:00:00', 'B-', 45.3, 27.7, 99, '151.53', 32, 28, 26, 18, 95, 'A+', 69, -4.84, '-3.38', -2.2, 8, 18, '2014-07-07 00:00:00', 93, 38, 'A', 788, -9.5, 18, 18);
INSERT INTO `ibd50_ranking` (`id`, `creation_time`, `modification_time`, `acc_dis_rating`, `annual_profit_margin_latest_year`, `annual_roe_last_year`, `composite_rating`, `current_price`, `eps_estimated_percent_change_current_year`, `eps_percent_change_current_qtr`, `eps_percent_change_last_qtr`, `eps_percent_change_prior_qtr`, `eps_rating`, `group_relative_strength_rating`, `management_own_percent`, `percent_off_high`, `price_change`, `price_percent_change`, `qtrs_rising_sponsorship`, `rank`, `rank_date`, `rs_rating`, `sale_percent_change_last_qtr`, `smr_rating`, `volume`, `volume_percent_change`, `symbol_id`, `tracking_id`) VALUES(19, '2014-07-07 00:00:00', '2014-07-07 00:00:00', 'C', 54.4, 32.1, 99, '150.80', 28, 34, 18, 12, 93, 'A+', 8, -14.61, '-1.69', -1.1, 0, 19, '2014-07-07 00:00:00', 96, 26, 'A', 813, -1.9, 19, 19);
INSERT INTO `ibd50_ranking` (`id`, `creation_time`, `modification_time`, `acc_dis_rating`, `annual_profit_margin_latest_year`, `annual_roe_last_year`, `composite_rating`, `current_price`, `eps_estimated_percent_change_current_year`, `eps_percent_change_current_qtr`, `eps_percent_change_last_qtr`, `eps_percent_change_prior_qtr`, `eps_rating`, `group_relative_strength_rating`, `management_own_percent`, `percent_off_high`, `price_change`, `price_percent_change`, `qtrs_rising_sponsorship`, `rank`, `rank_date`, `rs_rating`, `sale_percent_change_last_qtr`, `smr_rating`, `volume`, `volume_percent_change`, `symbol_id`, `tracking_id`) VALUES(20, '2014-07-07 00:00:00', '2014-07-07 00:00:00', 'A-', 31.5, 27.1, 99, '34.63', 55, 43, 23, 8, 91, 'A+', 35, -6.6, '0.51', 1.5, 7, 20, '2014-07-07 00:00:00', 98, 23, 'A', 1362, 34.8, 20, 20);
INSERT INTO `ibd50_ranking` (`id`, `creation_time`, `modification_time`, `acc_dis_rating`, `annual_profit_margin_latest_year`, `annual_roe_last_year`, `composite_rating`, `current_price`, `eps_estimated_percent_change_current_year`, `eps_percent_change_current_qtr`, `eps_percent_change_last_qtr`, `eps_percent_change_prior_qtr`, `eps_rating`, `group_relative_strength_rating`, `management_own_percent`, `percent_off_high`, `price_change`, `price_percent_change`, `qtrs_rising_sponsorship`, `rank`, `rank_date`, `rs_rating`, `sale_percent_change_last_qtr`, `smr_rating`, `volume`, `volume_percent_change`, `symbol_id`, `tracking_id`) VALUES(21, '2014-07-07 00:00:00', '2014-07-07 00:00:00', 'B', 54.3, 31.8, 98, '129.68', 25, 25, 24, 32, 97, 'C+', 4, -3.24, '0.84', 0.7, 0, 21, '2014-07-07 00:00:00', 88, 31, 'A', 380, -43.5, 21, 21);
INSERT INTO `ibd50_ranking` (`id`, `creation_time`, `modification_time`, `acc_dis_rating`, `annual_profit_margin_latest_year`, `annual_roe_last_year`, `composite_rating`, `current_price`, `eps_estimated_percent_change_current_year`, `eps_percent_change_current_qtr`, `eps_percent_change_last_qtr`, `eps_percent_change_prior_qtr`, `eps_rating`, `group_relative_strength_rating`, `management_own_percent`, `percent_off_high`, `price_change`, `price_percent_change`, `qtrs_rising_sponsorship`, `rank`, `rank_date`, `rs_rating`, `sale_percent_change_last_qtr`, `smr_rating`, `volume`, `volume_percent_change`, `symbol_id`, `tracking_id`) VALUES(22, '2014-07-07 00:00:00', '2014-07-07 00:00:00', 'B-', 9.1, 19.6, 94, '31.41', 48, 51, 88, 93, 92, 'D+', 2, -8.21, '0.04', 0.1, 3, 22, '2014-07-07 00:00:00', 96, 246, 'A', 794, -71, 22, 22);
INSERT INTO `ibd50_ranking` (`id`, `creation_time`, `modification_time`, `acc_dis_rating`, `annual_profit_margin_latest_year`, `annual_roe_last_year`, `composite_rating`, `current_price`, `eps_estimated_percent_change_current_year`, `eps_percent_change_current_qtr`, `eps_percent_change_last_qtr`, `eps_percent_change_prior_qtr`, `eps_rating`, `group_relative_strength_rating`, `management_own_percent`, `percent_off_high`, `price_change`, `price_percent_change`, `qtrs_rising_sponsorship`, `rank`, `rank_date`, `rs_rating`, `sale_percent_change_last_qtr`, `smr_rating`, `volume`, `volume_percent_change`, `symbol_id`, `tracking_id`) VALUES(23, '2014-07-07 00:00:00', '2014-07-07 00:00:00', 'C-', 29.7, 59.3, 91, '40.79', 114, 55, 108, 140, 99, 'C-', 68, -28.25, '0.06', 0.1, 0, 23, '2014-07-07 00:00:00', 89, 78, 'A', 854, -46.6, 23, 23);
INSERT INTO `ibd50_ranking` (`id`, `creation_time`, `modification_time`, `acc_dis_rating`, `annual_profit_margin_latest_year`, `annual_roe_last_year`, `composite_rating`, `current_price`, `eps_estimated_percent_change_current_year`, `eps_percent_change_current_qtr`, `eps_percent_change_last_qtr`, `eps_percent_change_prior_qtr`, `eps_rating`, `group_relative_strength_rating`, `management_own_percent`, `percent_off_high`, `price_change`, `price_percent_change`, `qtrs_rising_sponsorship`, `rank`, `rank_date`, `rs_rating`, `sale_percent_change_last_qtr`, `smr_rating`, `volume`, `volume_percent_change`, `symbol_id`, `tracking_id`) VALUES(24, '2014-07-07 00:00:00', '2014-07-07 00:00:00', 'D+', 10.3, 17.7, 94, '49.98', 15, 17, 22, 28, 96, 'B', 3, -4.01, '-0.63', -1.2, 2, 24, '2014-07-07 00:00:00', 90, 14, 'B', 1553, 24, 24, 24);
INSERT INTO `ibd50_ranking` (`id`, `creation_time`, `modification_time`, `acc_dis_rating`, `annual_profit_margin_latest_year`, `annual_roe_last_year`, `composite_rating`, `current_price`, `eps_estimated_percent_change_current_year`, `eps_percent_change_current_qtr`, `eps_percent_change_last_qtr`, `eps_percent_change_prior_qtr`, `eps_rating`, `group_relative_strength_rating`, `management_own_percent`, `percent_off_high`, `price_change`, `price_percent_change`, `qtrs_rising_sponsorship`, `rank`, `rank_date`, `rs_rating`, `sale_percent_change_last_qtr`, `smr_rating`, `volume`, `volume_percent_change`, `symbol_id`, `tracking_id`) VALUES(25, '2014-07-07 00:00:00', '2014-07-07 00:00:00', 'B-', 41.1, 27.4, 97, '322.22', 29, 23, 25, 67, 96, 'C+', 0, -10.22, '3.10', 1, 8, 25, '2014-07-07 00:00:00', 88, 51, 'A', 947, -12.5, 25, 25);
INSERT INTO `ibd50_ranking` (`id`, `creation_time`, `modification_time`, `acc_dis_rating`, `annual_profit_margin_latest_year`, `annual_roe_last_year`, `composite_rating`, `current_price`, `eps_estimated_percent_change_current_year`, `eps_percent_change_current_qtr`, `eps_percent_change_last_qtr`, `eps_percent_change_prior_qtr`, `eps_rating`, `group_relative_strength_rating`, `management_own_percent`, `percent_off_high`, `price_change`, `price_percent_change`, `qtrs_rising_sponsorship`, `rank`, `rank_date`, `rs_rating`, `sale_percent_change_last_qtr`, `smr_rating`, `volume`, `volume_percent_change`, `symbol_id`, `tracking_id`) VALUES(26, '2014-07-07 00:00:00', '2014-07-07 00:00:00', 'A-', 2.6, 17.8, 99, '49.87', 15, 20, 16, 19, 94, 'A+', 36, -3.05, '-0.13', -0.3, 1, 26, '2014-07-07 00:00:00', 88, 21, 'B', 286, -35.6, 26, 26);
INSERT INTO `ibd50_ranking` (`id`, `creation_time`, `modification_time`, `acc_dis_rating`, `annual_profit_margin_latest_year`, `annual_roe_last_year`, `composite_rating`, `current_price`, `eps_estimated_percent_change_current_year`, `eps_percent_change_current_qtr`, `eps_percent_change_last_qtr`, `eps_percent_change_prior_qtr`, `eps_rating`, `group_relative_strength_rating`, `management_own_percent`, `percent_off_high`, `price_change`, `price_percent_change`, `qtrs_rising_sponsorship`, `rank`, `rank_date`, `rs_rating`, `sale_percent_change_last_qtr`, `smr_rating`, `volume`, `volume_percent_change`, `symbol_id`, `tracking_id`) VALUES(27, '2014-07-07 00:00:00', '2014-07-07 00:00:00', 'B', 25.9, 15.7, 99, '113.65', 36, 28, 56, 23, 93, 'A+', 1, -4.41, '-1.31', -1.1, 8, 27, '2014-07-07 00:00:00', 91, 22, 'A', 2482, -19.9, 27, 27);
INSERT INTO `ibd50_ranking` (`id`, `creation_time`, `modification_time`, `acc_dis_rating`, `annual_profit_margin_latest_year`, `annual_roe_last_year`, `composite_rating`, `current_price`, `eps_estimated_percent_change_current_year`, `eps_percent_change_current_qtr`, `eps_percent_change_last_qtr`, `eps_percent_change_prior_qtr`, `eps_rating`, `group_relative_strength_rating`, `management_own_percent`, `percent_off_high`, `price_change`, `price_percent_change`, `qtrs_rising_sponsorship`, `rank`, `rank_date`, `rs_rating`, `sale_percent_change_last_qtr`, `smr_rating`, `volume`, `volume_percent_change`, `symbol_id`, `tracking_id`) VALUES(28, '2014-07-07 00:00:00', '2014-07-07 00:00:00', 'A-', 25.1, 17.5, 98, '176.64', 21, 16, 15, 7, 85, 'A-', 5, -4.25, '2.65', 1.5, 0, 28, '2014-07-07 00:00:00', 98, 27, 'A', 702, -54.6, 28, 28);
INSERT INTO `ibd50_ranking` (`id`, `creation_time`, `modification_time`, `acc_dis_rating`, `annual_profit_margin_latest_year`, `annual_roe_last_year`, `composite_rating`, `current_price`, `eps_estimated_percent_change_current_year`, `eps_percent_change_current_qtr`, `eps_percent_change_last_qtr`, `eps_percent_change_prior_qtr`, `eps_rating`, `group_relative_strength_rating`, `management_own_percent`, `percent_off_high`, `price_change`, `price_percent_change`, `qtrs_rising_sponsorship`, `rank`, `rank_date`, `rs_rating`, `sale_percent_change_last_qtr`, `smr_rating`, `volume`, `volume_percent_change`, `symbol_id`, `tracking_id`) VALUES(29, '2014-07-07 00:00:00', '2014-07-07 00:00:00', 'B', 40.8, 8.2, 99, '84.21', 120, 83, 342, NULL, 84, 'A+', 0, -9.77, '-1.51', -1.8, 6, 29, '2014-07-07 00:00:00', 98, 239, 'A', 891, -22.6, 29, 29);
INSERT INTO `ibd50_ranking` (`id`, `creation_time`, `modification_time`, `acc_dis_rating`, `annual_profit_margin_latest_year`, `annual_roe_last_year`, `composite_rating`, `current_price`, `eps_estimated_percent_change_current_year`, `eps_percent_change_current_qtr`, `eps_percent_change_last_qtr`, `eps_percent_change_prior_qtr`, `eps_rating`, `group_relative_strength_rating`, `management_own_percent`, `percent_off_high`, `price_change`, `price_percent_change`, `qtrs_rising_sponsorship`, `rank`, `rank_date`, `rs_rating`, `sale_percent_change_last_qtr`, `smr_rating`, `volume`, `volume_percent_change`, `symbol_id`, `tracking_id`) VALUES(30, '2014-07-07 00:00:00', '2014-07-07 00:00:00', 'D-', 12.2, 23.3, 92, '29.20', 55, 150, 71, 221, 99, 'B-', 13, -15.19, '0.33', 1.1, 0, 30, '2014-07-07 00:00:00', 85, 72, 'A', 1194, 13.2, 30, 30);
INSERT INTO `ibd50_ranking` (`id`, `creation_time`, `modification_time`, `acc_dis_rating`, `annual_profit_margin_latest_year`, `annual_roe_last_year`, `composite_rating`, `current_price`, `eps_estimated_percent_change_current_year`, `eps_percent_change_current_qtr`, `eps_percent_change_last_qtr`, `eps_percent_change_prior_qtr`, `eps_rating`, `group_relative_strength_rating`, `management_own_percent`, `percent_off_high`, `price_change`, `price_percent_change`, `qtrs_rising_sponsorship`, `rank`, `rank_date`, `rs_rating`, `sale_percent_change_last_qtr`, `smr_rating`, `volume`, `volume_percent_change`, `symbol_id`, `tracking_id`) VALUES(31, '2014-07-07 00:00:00', '2014-07-07 00:00:00', 'B-', 54.3, 16.9, 99, '41.68', 81, 71, 34, 39, 96, 'A+', NULL, -10.67, '1.07', 2.6, 0, 31, '2014-07-07 00:00:00', 86, 25, 'A', 829, 20.8, 31, 31);
INSERT INTO `ibd50_ranking` (`id`, `creation_time`, `modification_time`, `acc_dis_rating`, `annual_profit_margin_latest_year`, `annual_roe_last_year`, `composite_rating`, `current_price`, `eps_estimated_percent_change_current_year`, `eps_percent_change_current_qtr`, `eps_percent_change_last_qtr`, `eps_percent_change_prior_qtr`, `eps_rating`, `group_relative_strength_rating`, `management_own_percent`, `percent_off_high`, `price_change`, `price_percent_change`, `qtrs_rising_sponsorship`, `rank`, `rank_date`, `rs_rating`, `sale_percent_change_last_qtr`, `smr_rating`, `volume`, `volume_percent_change`, `symbol_id`, `tracking_id`) VALUES(32, '2014-07-07 00:00:00', '2014-07-07 00:00:00', 'B+', 47.4, 45.4, 96, '89.19', 23, 17, 22, 15, 95, 'C+', 1, -1.45, '1.36', 1.5, 0, 32, '2014-07-07 00:00:00', 88, 18, 'A', 3705, -25.6, 32, 32);
INSERT INTO `ibd50_ranking` (`id`, `creation_time`, `modification_time`, `acc_dis_rating`, `annual_profit_margin_latest_year`, `annual_roe_last_year`, `composite_rating`, `current_price`, `eps_estimated_percent_change_current_year`, `eps_percent_change_current_qtr`, `eps_percent_change_last_qtr`, `eps_percent_change_prior_qtr`, `eps_rating`, `group_relative_strength_rating`, `management_own_percent`, `percent_off_high`, `price_change`, `price_percent_change`, `qtrs_rising_sponsorship`, `rank`, `rank_date`, `rs_rating`, `sale_percent_change_last_qtr`, `smr_rating`, `volume`, `volume_percent_change`, `symbol_id`, `tracking_id`) VALUES(33, '2014-07-07 00:00:00', '2014-07-07 00:00:00', 'B', 16.6, 23.4, 97, '598.49', 21, 8, 12, 30, 94, 'C', 3, -3.92, '-2.12', -0.4, 0, 33, '2014-07-07 00:00:00', 89, 24, 'A', 225, -46.3, 33, 33);
INSERT INTO `ibd50_ranking` (`id`, `creation_time`, `modification_time`, `acc_dis_rating`, `annual_profit_margin_latest_year`, `annual_roe_last_year`, `composite_rating`, `current_price`, `eps_estimated_percent_change_current_year`, `eps_percent_change_current_qtr`, `eps_percent_change_last_qtr`, `eps_percent_change_prior_qtr`, `eps_rating`, `group_relative_strength_rating`, `management_own_percent`, `percent_off_high`, `price_change`, `price_percent_change`, `qtrs_rising_sponsorship`, `rank`, `rank_date`, `rs_rating`, `sale_percent_change_last_qtr`, `smr_rating`, `volume`, `volume_percent_change`, `symbol_id`, `tracking_id`) VALUES(34, '2014-07-07 00:00:00', '2014-07-07 00:00:00', 'C', 41.7, 33.4, 98, '88.73', 218, 240, 208, 10, 88, 'C+', 2, -0.58, '-0.21', -0.2, 8, 34, '2014-07-07 00:00:00', 94, 97, 'A', 11270, 2.6, 34, 34);
INSERT INTO `ibd50_ranking` (`id`, `creation_time`, `modification_time`, `acc_dis_rating`, `annual_profit_margin_latest_year`, `annual_roe_last_year`, `composite_rating`, `current_price`, `eps_estimated_percent_change_current_year`, `eps_percent_change_current_qtr`, `eps_percent_change_last_qtr`, `eps_percent_change_prior_qtr`, `eps_rating`, `group_relative_strength_rating`, `management_own_percent`, `percent_off_high`, `price_change`, `price_percent_change`, `qtrs_rising_sponsorship`, `rank`, `rank_date`, `rs_rating`, `sale_percent_change_last_qtr`, `smr_rating`, `volume`, `volume_percent_change`, `symbol_id`, `tracking_id`) VALUES(35, '2014-07-07 00:00:00', '2014-07-07 00:00:00', 'B-', 4.9, 39.8, 96, '191.34', 150, 220, 271, 206, 84, 'C+', 41, -5.04, '4.18', 2.2, 0, 35, '2014-07-07 00:00:00', 99, 126, 'A', 497, -58.2, 35, 35);
INSERT INTO `ibd50_ranking` (`id`, `creation_time`, `modification_time`, `acc_dis_rating`, `annual_profit_margin_latest_year`, `annual_roe_last_year`, `composite_rating`, `current_price`, `eps_estimated_percent_change_current_year`, `eps_percent_change_current_qtr`, `eps_percent_change_last_qtr`, `eps_percent_change_prior_qtr`, `eps_rating`, `group_relative_strength_rating`, `management_own_percent`, `percent_off_high`, `price_change`, `price_percent_change`, `qtrs_rising_sponsorship`, `rank`, `rank_date`, `rs_rating`, `sale_percent_change_last_qtr`, `smr_rating`, `volume`, `volume_percent_change`, `symbol_id`, `tracking_id`) VALUES(36, '2014-07-07 00:00:00', '2014-07-07 00:00:00', 'B-', 37.4, 37.3, 96, '88.16', 40, 18, 286, 218, 99, 'B-', 33, -29.14, '1.09', 1.3, 8, 36, '2014-07-07 00:00:00', 82, 141, 'A', 2090, -24.2, 36, 36);
INSERT INTO `ibd50_ranking` (`id`, `creation_time`, `modification_time`, `acc_dis_rating`, `annual_profit_margin_latest_year`, `annual_roe_last_year`, `composite_rating`, `current_price`, `eps_estimated_percent_change_current_year`, `eps_percent_change_current_qtr`, `eps_percent_change_last_qtr`, `eps_percent_change_prior_qtr`, `eps_rating`, `group_relative_strength_rating`, `management_own_percent`, `percent_off_high`, `price_change`, `price_percent_change`, `qtrs_rising_sponsorship`, `rank`, `rank_date`, `rs_rating`, `sale_percent_change_last_qtr`, `smr_rating`, `volume`, `volume_percent_change`, `symbol_id`, `tracking_id`) VALUES(37, '2014-07-07 00:00:00', '2014-07-07 00:00:00', 'D+', 30.4, 46.4, 96, '88.80', 23, 34, 56, 73, 99, 'B+', 10, -12.11, '-0.37', -0.4, 0, 37, '2014-07-07 00:00:00', 79, 54, 'A', 2328, -16.2, 37, 37);
INSERT INTO `ibd50_ranking` (`id`, `creation_time`, `modification_time`, `acc_dis_rating`, `annual_profit_margin_latest_year`, `annual_roe_last_year`, `composite_rating`, `current_price`, `eps_estimated_percent_change_current_year`, `eps_percent_change_current_qtr`, `eps_percent_change_last_qtr`, `eps_percent_change_prior_qtr`, `eps_rating`, `group_relative_strength_rating`, `management_own_percent`, `percent_off_high`, `price_change`, `price_percent_change`, `qtrs_rising_sponsorship`, `rank`, `rank_date`, `rs_rating`, `sale_percent_change_last_qtr`, `smr_rating`, `volume`, `volume_percent_change`, `symbol_id`, `tracking_id`) VALUES(38, '2014-07-07 00:00:00', '2014-07-07 00:00:00', 'C', 14.1, 18.3, 97, '61.65', 19, 21, 13, 20, 93, 'A', 13, -5.65, '-0.52', -0.8, 1, 38, '2014-07-07 00:00:00', 87, 15, 'A', 468, -2.1, 38, 38);
INSERT INTO `ibd50_ranking` (`id`, `creation_time`, `modification_time`, `acc_dis_rating`, `annual_profit_margin_latest_year`, `annual_roe_last_year`, `composite_rating`, `current_price`, `eps_estimated_percent_change_current_year`, `eps_percent_change_current_qtr`, `eps_percent_change_last_qtr`, `eps_percent_change_prior_qtr`, `eps_rating`, `group_relative_strength_rating`, `management_own_percent`, `percent_off_high`, `price_change`, `price_percent_change`, `qtrs_rising_sponsorship`, `rank`, `rank_date`, `rs_rating`, `sale_percent_change_last_qtr`, `smr_rating`, `volume`, `volume_percent_change`, `symbol_id`, `tracking_id`) VALUES(39, '2014-07-07 00:00:00', '2014-07-07 00:00:00', 'B', 4.1, 39.1, 99, '107.31', 136, 594, 79, 383, 84, 'A+', NULL, -8.27, '-0.18', -0.2, 0, 39, '2014-07-07 00:00:00', 99, 80, 'A', 154, -68.5, 39, 39);
INSERT INTO `ibd50_ranking` (`id`, `creation_time`, `modification_time`, `acc_dis_rating`, `annual_profit_margin_latest_year`, `annual_roe_last_year`, `composite_rating`, `current_price`, `eps_estimated_percent_change_current_year`, `eps_percent_change_current_qtr`, `eps_percent_change_last_qtr`, `eps_percent_change_prior_qtr`, `eps_rating`, `group_relative_strength_rating`, `management_own_percent`, `percent_off_high`, `price_change`, `price_percent_change`, `qtrs_rising_sponsorship`, `rank`, `rank_date`, `rs_rating`, `sale_percent_change_last_qtr`, `smr_rating`, `volume`, `volume_percent_change`, `symbol_id`, `tracking_id`) VALUES(40, '2014-07-07 00:00:00', '2014-07-07 00:00:00', 'B', 24.3, 21, 96, '54.09', 12, 8, 50, 96, 99, 'B', 2, -16.91, '-0.37', -0.7, 5, 40, '2014-07-07 00:00:00', 77, 18, 'A', 780, -29, 40, 40);
INSERT INTO `ibd50_ranking` (`id`, `creation_time`, `modification_time`, `acc_dis_rating`, `annual_profit_margin_latest_year`, `annual_roe_last_year`, `composite_rating`, `current_price`, `eps_estimated_percent_change_current_year`, `eps_percent_change_current_qtr`, `eps_percent_change_last_qtr`, `eps_percent_change_prior_qtr`, `eps_rating`, `group_relative_strength_rating`, `management_own_percent`, `percent_off_high`, `price_change`, `price_percent_change`, `qtrs_rising_sponsorship`, `rank`, `rank_date`, `rs_rating`, `sale_percent_change_last_qtr`, `smr_rating`, `volume`, `volume_percent_change`, `symbol_id`, `tracking_id`) VALUES(41, '2014-07-07 00:00:00', '2014-07-07 00:00:00', 'B', 17.1, 24.2, 94, '39.20', 19, 20, 34, 30, 97, 'C-', 7, -16.06, '0.03', 0.1, 0, 41, '2014-07-07 00:00:00', 80, 29, 'A', 212, -55.1, 41, 41);
INSERT INTO `ibd50_ranking` (`id`, `creation_time`, `modification_time`, `acc_dis_rating`, `annual_profit_margin_latest_year`, `annual_roe_last_year`, `composite_rating`, `current_price`, `eps_estimated_percent_change_current_year`, `eps_percent_change_current_qtr`, `eps_percent_change_last_qtr`, `eps_percent_change_prior_qtr`, `eps_rating`, `group_relative_strength_rating`, `management_own_percent`, `percent_off_high`, `price_change`, `price_percent_change`, `qtrs_rising_sponsorship`, `rank`, `rank_date`, `rs_rating`, `sale_percent_change_last_qtr`, `smr_rating`, `volume`, `volume_percent_change`, `symbol_id`, `tracking_id`) VALUES(42, '2014-07-07 00:00:00', '2014-07-07 00:00:00', 'D', 39.4, 9.1, 96, '36.71', 15, 11, 30, 36, 97, 'A', 9, -14.41, '0.30', 0.8, 3, 42, '2014-07-07 00:00:00', 79, 28, 'A', 623, -42.2, 42, 42);
INSERT INTO `ibd50_ranking` (`id`, `creation_time`, `modification_time`, `acc_dis_rating`, `annual_profit_margin_latest_year`, `annual_roe_last_year`, `composite_rating`, `current_price`, `eps_estimated_percent_change_current_year`, `eps_percent_change_current_qtr`, `eps_percent_change_last_qtr`, `eps_percent_change_prior_qtr`, `eps_rating`, `group_relative_strength_rating`, `management_own_percent`, `percent_off_high`, `price_change`, `price_percent_change`, `qtrs_rising_sponsorship`, `rank`, `rank_date`, `rs_rating`, `sale_percent_change_last_qtr`, `smr_rating`, `volume`, `volume_percent_change`, `symbol_id`, `tracking_id`) VALUES(43, '2014-07-07 00:00:00', '2014-07-07 00:00:00', 'B-', 76.5, 12.7, 97, '122.36', 22, 27, 33, 28, 97, 'C', 5, -8.06, '-0.06', 0, 8, 43, '2014-07-07 00:00:00', 80, 22, 'A', 203, -46.6, 43, 43);
INSERT INTO `ibd50_ranking` (`id`, `creation_time`, `modification_time`, `acc_dis_rating`, `annual_profit_margin_latest_year`, `annual_roe_last_year`, `composite_rating`, `current_price`, `eps_estimated_percent_change_current_year`, `eps_percent_change_current_qtr`, `eps_percent_change_last_qtr`, `eps_percent_change_prior_qtr`, `eps_rating`, `group_relative_strength_rating`, `management_own_percent`, `percent_off_high`, `price_change`, `price_percent_change`, `qtrs_rising_sponsorship`, `rank`, `rank_date`, `rs_rating`, `sale_percent_change_last_qtr`, `smr_rating`, `volume`, `volume_percent_change`, `symbol_id`, `tracking_id`) VALUES(44, '2014-07-07 00:00:00', '2014-07-07 00:00:00', 'C', 12.5, 20.7, 96, '41.23', 31, 27, 68, 47, 96, 'B+', 48, -12.46, '0.60', 1.5, 1, 44, '2014-07-07 00:00:00', 80, 89, 'A', 357, -49.4, 44, 44);
INSERT INTO `ibd50_ranking` (`id`, `creation_time`, `modification_time`, `acc_dis_rating`, `annual_profit_margin_latest_year`, `annual_roe_last_year`, `composite_rating`, `current_price`, `eps_estimated_percent_change_current_year`, `eps_percent_change_current_qtr`, `eps_percent_change_last_qtr`, `eps_percent_change_prior_qtr`, `eps_rating`, `group_relative_strength_rating`, `management_own_percent`, `percent_off_high`, `price_change`, `price_percent_change`, `qtrs_rising_sponsorship`, `rank`, `rank_date`, `rs_rating`, `sale_percent_change_last_qtr`, `smr_rating`, `volume`, `volume_percent_change`, `symbol_id`, `tracking_id`) VALUES(45, '2014-07-07 00:00:00', '2014-07-07 00:00:00', 'B-', 33.7, 20.6, 96, '81.97', 22, 17, 17, 26, 95, 'B', 12, -13.01, '0.55', 0.7, 0, 45, '2014-07-07 00:00:00', 83, 23, 'A', 145, -65.5, 45, 45);
INSERT INTO `ibd50_ranking` (`id`, `creation_time`, `modification_time`, `acc_dis_rating`, `annual_profit_margin_latest_year`, `annual_roe_last_year`, `composite_rating`, `current_price`, `eps_estimated_percent_change_current_year`, `eps_percent_change_current_qtr`, `eps_percent_change_last_qtr`, `eps_percent_change_prior_qtr`, `eps_rating`, `group_relative_strength_rating`, `management_own_percent`, `percent_off_high`, `price_change`, `price_percent_change`, `qtrs_rising_sponsorship`, `rank`, `rank_date`, `rs_rating`, `sale_percent_change_last_qtr`, `smr_rating`, `volume`, `volume_percent_change`, `symbol_id`, `tracking_id`) VALUES(46, '2014-07-07 00:00:00', '2014-07-07 00:00:00', 'B', 16.6, 20.6, 98, '80.89', 14, 13, 15, 18, 92, 'A+', 5, -4.2, '0.09', 0.1, 0, 46, '2014-07-07 00:00:00', 86, 13, 'A', 274, -40.1, 46, 46);
INSERT INTO `ibd50_ranking` (`id`, `creation_time`, `modification_time`, `acc_dis_rating`, `annual_profit_margin_latest_year`, `annual_roe_last_year`, `composite_rating`, `current_price`, `eps_estimated_percent_change_current_year`, `eps_percent_change_current_qtr`, `eps_percent_change_last_qtr`, `eps_percent_change_prior_qtr`, `eps_rating`, `group_relative_strength_rating`, `management_own_percent`, `percent_off_high`, `price_change`, `price_percent_change`, `qtrs_rising_sponsorship`, `rank`, `rank_date`, `rs_rating`, `sale_percent_change_last_qtr`, `smr_rating`, `volume`, `volume_percent_change`, `symbol_id`, `tracking_id`) VALUES(47, '2014-07-07 00:00:00', '2014-07-07 00:00:00', 'D-', 24.6, 96.7, 91, '275.36', 23, 13, 13, 30, 92, 'C+', 3, -8.36, '1.37', 0.5, 6, 47, '2014-07-07 00:00:00', 85, 17, 'A', 425, -32.1, 47, 47);
INSERT INTO `ibd50_ranking` (`id`, `creation_time`, `modification_time`, `acc_dis_rating`, `annual_profit_margin_latest_year`, `annual_roe_last_year`, `composite_rating`, `current_price`, `eps_estimated_percent_change_current_year`, `eps_percent_change_current_qtr`, `eps_percent_change_last_qtr`, `eps_percent_change_prior_qtr`, `eps_rating`, `group_relative_strength_rating`, `management_own_percent`, `percent_off_high`, `price_change`, `price_percent_change`, `qtrs_rising_sponsorship`, `rank`, `rank_date`, `rs_rating`, `sale_percent_change_last_qtr`, `smr_rating`, `volume`, `volume_percent_change`, `symbol_id`, `tracking_id`) VALUES(48, '2014-07-07 00:00:00', '2014-07-07 00:00:00', 'D-', 37.1, 25.3, 96, '110.20', 15, 21, 19, 7, 90, 'B+', 0, -5.58, '-1.09', -1, 2, 48, '2014-07-07 00:00:00', 85, 20, 'A', 1242, 19.1, 48, 48);
INSERT INTO `ibd50_ranking` (`id`, `creation_time`, `modification_time`, `acc_dis_rating`, `annual_profit_margin_latest_year`, `annual_roe_last_year`, `composite_rating`, `current_price`, `eps_estimated_percent_change_current_year`, `eps_percent_change_current_qtr`, `eps_percent_change_last_qtr`, `eps_percent_change_prior_qtr`, `eps_rating`, `group_relative_strength_rating`, `management_own_percent`, `percent_off_high`, `price_change`, `price_percent_change`, `qtrs_rising_sponsorship`, `rank`, `rank_date`, `rs_rating`, `sale_percent_change_last_qtr`, `smr_rating`, `volume`, `volume_percent_change`, `symbol_id`, `tracking_id`) VALUES(49, '2014-07-07 00:00:00', '2014-07-07 00:00:00', 'D+', 37.1, 37.1, 92, '71.57', 45, 66, 143, 233, 82, 'B-', 5, -21.29, '1.04', 1.5, 6, 49, '2014-07-07 00:00:00', 94, 111, 'A', 614, -72.9, 49, 49);
INSERT INTO `ibd50_ranking` (`id`, `creation_time`, `modification_time`, `acc_dis_rating`, `annual_profit_margin_latest_year`, `annual_roe_last_year`, `composite_rating`, `current_price`, `eps_estimated_percent_change_current_year`, `eps_percent_change_current_qtr`, `eps_percent_change_last_qtr`, `eps_percent_change_prior_qtr`, `eps_rating`, `group_relative_strength_rating`, `management_own_percent`, `percent_off_high`, `price_change`, `price_percent_change`, `qtrs_rising_sponsorship`, `rank`, `rank_date`, `rs_rating`, `sale_percent_change_last_qtr`, `smr_rating`, `volume`, `volume_percent_change`, `symbol_id`, `tracking_id`) VALUES(50, '2014-07-07 00:00:00', '2014-07-07 00:00:00', 'A-', 23.1, 24.7, 99, '30.70', 6, 8, 19, 44, 94, 'A+', 15, -15.87, '-0.13', -0.4, 0, 50, '2014-07-07 00:00:00', 92, 21, 'A', 335, -68.7, 50, 50);
--OHLCV For Symbol_id = 1, just for testing
INSERT INTO `ibd50_stock_ohlcv` (`id`, `adjusted_close`, `close`, `date`, `high`, `low`, `open`, `volume`, `symbol_id`) VALUES(1, '50.67', '50.67', '2014-07-11', '51.25', '48.00', '48.06', 1591000, 1);
INSERT INTO `ibd50_stock_ohlcv` (`id`, `adjusted_close`, `close`, `date`, `high`, `low`, `open`, `volume`, `symbol_id`) VALUES(2, '48.06', '48.06', '2014-07-10', '48.17', '43.17', '44.00', 685400, 1);
INSERT INTO `ibd50_stock_ohlcv` (`id`, `adjusted_close`, `close`, `date`, `high`, `low`, `open`, `volume`, `symbol_id`) VALUES(3, '46.73', '46.73', '2014-07-09', '47.21', '45.38', '46.00', 754100, 1);
INSERT INTO `ibd50_stock_ohlcv` (`id`, `adjusted_close`, `close`, `date`, `high`, `low`, `open`, `volume`, `symbol_id`) VALUES(4, '46.05', '46.05', '2014-07-08', '49.40', '45.06', '49.40', 2472500, 1);
INSERT INTO `ibd50_stock_ohlcv` (`id`, `adjusted_close`, `close`, `date`, `high`, `low`, `open`, `volume`, `symbol_id`) VALUES(5, '49.46', '49.46', '2014-07-07', '49.67', '47.58', '47.96', 1185200, 1);
INSERT INTO `ibd50_stock_ohlcv` (`id`, `adjusted_close`, `close`, `date`, `high`, `low`, `open`, `volume`, `symbol_id`) VALUES(6, '47.97', '47.97', '2014-07-03', '48.00', '47.00', '47.50', 262900, 1);
INSERT INTO `ibd50_stock_ohlcv` (`id`, `adjusted_close`, `close`, `date`, `high`, `low`, `open`, `volume`, `symbol_id`) VALUES(7, '47.33', '47.33', '2014-07-02', '48.48', '46.90', '48.39', 707600, 1);
INSERT INTO `ibd50_stock_ohlcv` (`id`, `adjusted_close`, `close`, `date`, `high`, `low`, `open`, `volume`, `symbol_id`) VALUES(8, '47.68', '47.68', '2014-07-01', '49.20', '46.90', '49.11', 904500, 1);
INSERT INTO `ibd50_stock_ohlcv` (`id`, `adjusted_close`, `close`, `date`, `high`, `low`, `open`, `volume`, `symbol_id`) VALUES(9, '48.70', '48.70', '2014-06-30', '49.19', '46.17', '46.35', 1364600, 1);
INSERT INTO `ibd50_stock_ohlcv` (`id`, `adjusted_close`, `close`, `date`, `high`, `low`, `open`, `volume`, `symbol_id`) VALUES(10, '46.26', '46.26', '2014-06-27', '47.10', '46.00', '46.00', 413300, 1);
INSERT INTO `ibd50_stock_ohlcv` (`id`, `adjusted_close`, `close`, `date`, `high`, `low`, `open`, `volume`, `symbol_id`) VALUES(11, '46.24', '46.24', '2014-06-26', '47.50', '45.00', '45.00', 1158500, 1);
INSERT INTO `ibd50_stock_ohlcv` (`id`, `adjusted_close`, `close`, `date`, `high`, `low`, `open`, `volume`, `symbol_id`) VALUES(12, '45.00', '45.00', '2014-06-25', '45.40', '43.88', '44.35', 384600, 1);
INSERT INTO `ibd50_stock_ohlcv` (`id`, `adjusted_close`, `close`, `date`, `high`, `low`, `open`, `volume`, `symbol_id`) VALUES(13, '44.40', '44.40', '2014-06-24', '46.32', '43.82', '45.38', 628000, 1);
INSERT INTO `ibd50_stock_ohlcv` (`id`, `adjusted_close`, `close`, `date`, `high`, `low`, `open`, `volume`, `symbol_id`) VALUES(14, '45.01', '45.01', '2014-06-23', '45.58', '44.25', '45.50', 805100, 1);
INSERT INTO `ibd50_stock_ohlcv` (`id`, `adjusted_close`, `close`, `date`, `high`, `low`, `open`, `volume`, `symbol_id`) VALUES(15, '45.80', '45.80', '2014-06-20', '46.37', '44.37', '45.56', 631200, 1);
INSERT INTO `ibd50_stock_ohlcv` (`id`, `adjusted_close`, `close`, `date`, `high`, `low`, `open`, `volume`, `symbol_id`) VALUES(16, '45.33', '45.33', '2014-06-19', '46.90', '45.03', '46.26', 1044800, 1);
INSERT INTO `ibd50_stock_ohlcv` (`id`, `adjusted_close`, `close`, `date`, `high`, `low`, `open`, `volume`, `symbol_id`) VALUES(17, '45.47', '45.47', '2014-06-18', '46.04', '44.75', '45.89', 557500, 1);
INSERT INTO `ibd50_stock_ohlcv` (`id`, `adjusted_close`, `close`, `date`, `high`, `low`, `open`, `volume`, `symbol_id`) VALUES(18, '45.98', '45.98', '2014-06-17', '46.00', '43.10', '43.59', 1046600, 1);
INSERT INTO `ibd50_stock_ohlcv` (`id`, `adjusted_close`, `close`, `date`, `high`, `low`, `open`, `volume`, `symbol_id`) VALUES(19, '43.58', '43.58', '2014-06-16', '44.44', '42.27', '43.93', 671700, 1);
INSERT INTO `ibd50_stock_ohlcv` (`id`, `adjusted_close`, `close`, `date`, `high`, `low`, `open`, `volume`, `symbol_id`) VALUES(20, '44.27', '44.27', '2014-06-13', '44.79', '42.77', '43.60', 719700, 1);
INSERT INTO `ibd50_stock_ohlcv` (`id`, `adjusted_close`, `close`, `date`, `high`, `low`, `open`, `volume`, `symbol_id`) VALUES(21, '43.14', '43.14', '2014-06-12', '44.38', '42.16', '42.80', 755900, 1);
INSERT INTO `ibd50_stock_ohlcv` (`id`, `adjusted_close`, `close`, `date`, `high`, `low`, `open`, `volume`, `symbol_id`) VALUES(22, '42.80', '42.80', '2014-06-11', '42.90', '40.83', '40.96', 600000, 1);
INSERT INTO `ibd50_stock_ohlcv` (`id`, `adjusted_close`, `close`, `date`, `high`, `low`, `open`, `volume`, `symbol_id`) VALUES(23, '41.23', '41.23', '2014-06-10', '41.44', '40.29', '40.98', 489300, 1);
INSERT INTO `ibd50_stock_ohlcv` (`id`, `adjusted_close`, `close`, `date`, `high`, `low`, `open`, `volume`, `symbol_id`) VALUES(24, '41.20', '41.20', '2014-06-09', '41.96', '40.40', '40.50', 914000, 1);
INSERT INTO `ibd50_stock_ohlcv` (`id`, `adjusted_close`, `close`, `date`, `high`, `low`, `open`, `volume`, `symbol_id`) VALUES(25, '40.74', '40.74', '2014-06-06', '41.20', '40.00', '40.35', 676800, 1);
INSERT INTO `ibd50_stock_ohlcv` (`id`, `adjusted_close`, `close`, `date`, `high`, `low`, `open`, `volume`, `symbol_id`) VALUES(26, '40.26', '40.26', '2014-06-05', '40.60', '36.94', '36.95', 1550900, 1);
INSERT INTO `ibd50_stock_ohlcv` (`id`, `adjusted_close`, `close`, `date`, `high`, `low`, `open`, `volume`, `symbol_id`) VALUES(27, '37.31', '37.31', '2014-06-04', '38.73', '36.98', '36.98', 1153700, 1);
INSERT INTO `ibd50_stock_ohlcv` (`id`, `adjusted_close`, `close`, `date`, `high`, `low`, `open`, `volume`, `symbol_id`) VALUES(28, '37.39', '37.39', '2014-06-03', '42.00', '36.71', '41.94', 3364200, 1);
INSERT INTO `ibd50_stock_ohlcv` (`id`, `adjusted_close`, `close`, `date`, `high`, `low`, `open`, `volume`, `symbol_id`) VALUES(29, '42.28', '42.28', '2014-06-02', '43.13', '40.86', '42.00', 527600, 1);
INSERT INTO `ibd50_stock_ohlcv` (`id`, `adjusted_close`, `close`, `date`, `high`, `low`, `open`, `volume`, `symbol_id`) VALUES(30, '41.64', '41.64', '2014-05-30', '44.42', '40.85', '44.13', 968500, 1);
INSERT INTO `ibd50_stock_ohlcv` (`id`, `adjusted_close`, `close`, `date`, `high`, `low`, `open`, `volume`, `symbol_id`) VALUES(31, '44.60', '44.60', '2014-05-29', '45.03', '43.16', '45.03', 758000, 1);
INSERT INTO `ibd50_stock_ohlcv` (`id`, `adjusted_close`, `close`, `date`, `high`, `low`, `open`, `volume`, `symbol_id`) VALUES(32, '44.37', '44.37', '2014-05-28', '45.35', '43.05', '44.10', 1065400, 1);
INSERT INTO `ibd50_stock_ohlcv` (`id`, `adjusted_close`, `close`, `date`, `high`, `low`, `open`, `volume`, `symbol_id`) VALUES(33, '43.54', '43.54', '2014-05-27', '43.77', '41.75', '41.91', 928000, 1);
INSERT INTO `ibd50_stock_ohlcv` (`id`, `adjusted_close`, `close`, `date`, `high`, `low`, `open`, `volume`, `symbol_id`) VALUES(34, '41.47', '41.47', '2014-05-23', '41.65', '40.07', '40.71', 555400, 1);
INSERT INTO `ibd50_stock_ohlcv` (`id`, `adjusted_close`, `close`, `date`, `high`, `low`, `open`, `volume`, `symbol_id`) VALUES(35, '40.99', '40.99', '2014-05-22', '41.26', '38.80', '38.90', 1280900, 1);
INSERT INTO `ibd50_stock_ohlcv` (`id`, `adjusted_close`, `close`, `date`, `high`, `low`, `open`, `volume`, `symbol_id`) VALUES(36, '39.00', '39.00', '2014-05-21', '39.40', '38.10', '38.86', 628500, 1);
INSERT INTO `ibd50_stock_ohlcv` (`id`, `adjusted_close`, `close`, `date`, `high`, `low`, `open`, `volume`, `symbol_id`) VALUES(37, '38.38', '38.38', '2014-05-20', '40.65', '37.70', '38.99', 1138400, 1);
INSERT INTO `ibd50_stock_ohlcv` (`id`, `adjusted_close`, `close`, `date`, `high`, `low`, `open`, `volume`, `symbol_id`) VALUES(38, '38.89', '38.89', '2014-05-19', '38.99', '37.90', '38.11', 761000, 1);
INSERT INTO `ibd50_stock_ohlcv` (`id`, `adjusted_close`, `close`, `date`, `high`, `low`, `open`, `volume`, `symbol_id`) VALUES(39, '38.00', '38.00', '2014-05-16', '38.25', '37.00', '37.71', 457600, 1);
INSERT INTO `ibd50_stock_ohlcv` (`id`, `adjusted_close`, `close`, `date`, `high`, `low`, `open`, `volume`, `symbol_id`) VALUES(40, '37.81', '37.81', '2014-05-15', '38.10', '36.00', '37.88', 571600, 1);
INSERT INTO `ibd50_stock_ohlcv` (`id`, `adjusted_close`, `close`, `date`, `high`, `low`, `open`, `volume`, `symbol_id`) VALUES(41, '37.92', '37.92', '2014-05-14', '39.21', '37.21', '38.50', 845200, 1);
INSERT INTO `ibd50_stock_ohlcv` (`id`, `adjusted_close`, `close`, `date`, `high`, `low`, `open`, `volume`, `symbol_id`) VALUES(42, '38.53', '38.53', '2014-05-13', '39.51', '38.07', '38.99', 1195800, 1);
INSERT INTO `ibd50_stock_ohlcv` (`id`, `adjusted_close`, `close`, `date`, `high`, `low`, `open`, `volume`, `symbol_id`) VALUES(43, '38.99', '38.99', '2014-05-12', '39.16', '35.10', '35.10', 1524400, 1);
INSERT INTO `ibd50_stock_ohlcv` (`id`, `adjusted_close`, `close`, `date`, `high`, `low`, `open`, `volume`, `symbol_id`) VALUES(44, '34.54', '34.54', '2014-05-09', '35.70', '34.10', '35.07', 637600, 1);
INSERT INTO `ibd50_stock_ohlcv` (`id`, `adjusted_close`, `close`, `date`, `high`, `low`, `open`, `volume`, `symbol_id`) VALUES(45, '35.40', '35.40', '2014-05-08', '35.70', '33.21', '33.93', 1646400, 1);
INSERT INTO `ibd50_stock_ohlcv` (`id`, `adjusted_close`, `close`, `date`, `high`, `low`, `open`, `volume`, `symbol_id`) VALUES(46, '33.11', '33.11', '2014-05-07', '35.43', '32.60', '35.43', 1885600, 1);
INSERT INTO `ibd50_stock_ohlcv` (`id`, `adjusted_close`, `close`, `date`, `high`, `low`, `open`, `volume`, `symbol_id`) VALUES(47, '36.23', '36.23', '2014-05-06', '39.10', '36.22', '39.08', 722700, 1);
INSERT INTO `ibd50_stock_ohlcv` (`id`, `adjusted_close`, `close`, `date`, `high`, `low`, `open`, `volume`, `symbol_id`) VALUES(48, '39.27', '39.27', '2014-05-05', '39.50', '36.70', '37.27', 999400, 1);
INSERT INTO `ibd50_stock_ohlcv` (`id`, `adjusted_close`, `close`, `date`, `high`, `low`, `open`, `volume`, `symbol_id`) VALUES(49, '37.69', '37.69', '2014-05-02', '37.99', '36.70', '36.73', 566100, 1);
INSERT INTO `ibd50_stock_ohlcv` (`id`, `adjusted_close`, `close`, `date`, `high`, `low`, `open`, `volume`, `symbol_id`) VALUES(50, '36.57', '36.57', '2014-05-01', '37.73', '35.69', '35.90', 769400, 1);
INSERT INTO `ibd50_stock_ohlcv` (`id`, `adjusted_close`, `close`, `date`, `high`, `low`, `open`, `volume`, `symbol_id`) VALUES(51, '35.83', '35.83', '2014-04-30', '35.88', '33.30', '34.97', 642600, 1);
INSERT INTO `ibd50_stock_ohlcv` (`id`, `adjusted_close`, `close`, `date`, `high`, `low`, `open`, `volume`, `symbol_id`) VALUES(52, '35.31', '35.31', '2014-04-29', '35.42', '33.17', '33.17', 899900, 1);
INSERT INTO `ibd50_stock_ohlcv` (`id`, `adjusted_close`, `close`, `date`, `high`, `low`, `open`, `volume`, `symbol_id`) VALUES(53, '33.33', '33.33', '2014-04-28', '34.71', '32.21', '34.55', 920300, 1);
INSERT INTO `ibd50_stock_ohlcv` (`id`, `adjusted_close`, `close`, `date`, `high`, `low`, `open`, `volume`, `symbol_id`) VALUES(54, '34.54', '34.54', '2014-04-25', '35.93', '33.50', '35.66', 768900, 1);
INSERT INTO `ibd50_stock_ohlcv` (`id`, `adjusted_close`, `close`, `date`, `high`, `low`, `open`, `volume`, `symbol_id`) VALUES(55, '36.26', '36.26', '2014-04-24', '37.01', '34.81', '36.79', 806200, 1);
INSERT INTO `ibd50_stock_ohlcv` (`id`, `adjusted_close`, `close`, `date`, `high`, `low`, `open`, `volume`, `symbol_id`) VALUES(56, '36.33', '36.33', '2014-04-23', '37.88', '36.23', '37.64', 942000, 1);
INSERT INTO `ibd50_stock_ohlcv` (`id`, `adjusted_close`, `close`, `date`, `high`, `low`, `open`, `volume`, `symbol_id`) VALUES(57, '37.86', '37.86', '2014-04-22', '38.80', '35.50', '35.50', 1408100, 1);
INSERT INTO `ibd50_stock_ohlcv` (`id`, `adjusted_close`, `close`, `date`, `high`, `low`, `open`, `volume`, `symbol_id`) VALUES(58, '35.41', '35.41', '2014-04-21', '35.50', '33.50', '34.40', 569700, 1);
INSERT INTO `ibd50_stock_ohlcv` (`id`, `adjusted_close`, `close`, `date`, `high`, `low`, `open`, `volume`, `symbol_id`) VALUES(59, '34.38', '34.38', '2014-04-17', '34.98', '33.09', '34.66', 675800, 1);
INSERT INTO `ibd50_stock_ohlcv` (`id`, `adjusted_close`, `close`, `date`, `high`, `low`, `open`, `volume`, `symbol_id`) VALUES(60, '35.33', '35.33', '2014-04-16', '35.47', '31.70', '31.88', 1236200, 1);
INSERT INTO `ibd50_stock_ohlcv` (`id`, `adjusted_close`, `close`, `date`, `high`, `low`, `open`, `volume`, `symbol_id`) VALUES(61, '30.77', '30.77', '2014-04-15', '31.83', '29.00', '30.78', 1139400, 1);
INSERT INTO `ibd50_stock_ohlcv` (`id`, `adjusted_close`, `close`, `date`, `high`, `low`, `open`, `volume`, `symbol_id`) VALUES(62, '31.04', '31.04', '2014-04-14', '32.93', '30.33', '32.56', 1131200, 1);
INSERT INTO `ibd50_stock_ohlcv` (`id`, `adjusted_close`, `close`, `date`, `high`, `low`, `open`, `volume`, `symbol_id`) VALUES(63, '31.92', '31.92', '2014-04-11', '33.48', '31.51', '32.25', 1302400, 1);
INSERT INTO `ibd50_stock_ohlcv` (`id`, `adjusted_close`, `close`, `date`, `high`, `low`, `open`, `volume`, `symbol_id`) VALUES(64, '33.29', '33.29', '2014-04-10', '35.98', '33.12', '35.98', 769200, 1);
INSERT INTO `ibd50_stock_ohlcv` (`id`, `adjusted_close`, `close`, `date`, `high`, `low`, `open`, `volume`, `symbol_id`) VALUES(65, '35.79', '35.79', '2014-04-09', '36.21', '34.11', '36.03', 902300, 1);
INSERT INTO `ibd50_stock_ohlcv` (`id`, `adjusted_close`, `close`, `date`, `high`, `low`, `open`, `volume`, `symbol_id`) VALUES(66, '35.39', '35.39', '2014-04-08', '35.85', '32.56', '32.58', 1439600, 1);
INSERT INTO `ibd50_stock_ohlcv` (`id`, `adjusted_close`, `close`, `date`, `high`, `low`, `open`, `volume`, `symbol_id`) VALUES(67, '32.60', '32.60', '2014-04-07', '37.54', '31.50', '35.85', 1935100, 1);
INSERT INTO `ibd50_stock_ohlcv` (`id`, `adjusted_close`, `close`, `date`, `high`, `low`, `open`, `volume`, `symbol_id`) VALUES(68, '36.01', '36.01', '2014-04-04', '38.88', '35.65', '37.61', 1055300, 1);
INSERT INTO `ibd50_stock_ohlcv` (`id`, `adjusted_close`, `close`, `date`, `high`, `low`, `open`, `volume`, `symbol_id`) VALUES(69, '37.11', '37.11', '2014-04-03', '40.16', '37.01', '38.81', 798800, 1);
INSERT INTO `ibd50_stock_ohlcv` (`id`, `adjusted_close`, `close`, `date`, `high`, `low`, `open`, `volume`, `symbol_id`) VALUES(70, '38.79', '38.79', '2014-04-02', '40.82', '38.42', '40.50', 811700, 1);
INSERT INTO `ibd50_stock_ohlcv` (`id`, `adjusted_close`, `close`, `date`, `high`, `low`, `open`, `volume`, `symbol_id`) VALUES(71, '39.59', '39.59', '2014-04-01', '39.77', '35.82', '36.38', 1410700, 1);
INSERT INTO `ibd50_stock_ohlcv` (`id`, `adjusted_close`, `close`, `date`, `high`, `low`, `open`, `volume`, `symbol_id`) VALUES(72, '35.84', '35.84', '2014-03-31', '36.97', '35.53', '36.44', 716600, 1);
INSERT INTO `ibd50_stock_ohlcv` (`id`, `adjusted_close`, `close`, `date`, `high`, `low`, `open`, `volume`, `symbol_id`) VALUES(73, '35.88', '35.88', '2014-03-28', '36.13', '32.54', '32.54', 1437000, 1);
INSERT INTO `ibd50_stock_ohlcv` (`id`, `adjusted_close`, `close`, `date`, `high`, `low`, `open`, `volume`, `symbol_id`) VALUES(74, '33.22', '33.22', '2014-03-27', '36.59', '32.19', '36.59', 1420200, 1);
INSERT INTO `ibd50_stock_ohlcv` (`id`, `adjusted_close`, `close`, `date`, `high`, `low`, `open`, `volume`, `symbol_id`) VALUES(75, '36.72', '36.72', '2014-03-26', '38.18', '36.50', '37.09', 840400, 1);
INSERT INTO `ibd50_stock_ohlcv` (`id`, `adjusted_close`, `close`, `date`, `high`, `low`, `open`, `volume`, `symbol_id`) VALUES(76, '37.08', '37.08', '2014-03-25', '37.99', '35.80', '36.77', 583500, 1);
INSERT INTO `ibd50_stock_ohlcv` (`id`, `adjusted_close`, `close`, `date`, `high`, `low`, `open`, `volume`, `symbol_id`) VALUES(77, '36.73', '36.73', '2014-03-24', '39.38', '35.39', '39.20', 862500, 1);
INSERT INTO `ibd50_stock_ohlcv` (`id`, `adjusted_close`, `close`, `date`, `high`, `low`, `open`, `volume`, `symbol_id`) VALUES(78, '39.20', '39.20', '2014-03-21', '40.33', '39.01', '40.33', 573400, 1);
INSERT INTO `ibd50_stock_ohlcv` (`id`, `adjusted_close`, `close`, `date`, `high`, `low`, `open`, `volume`, `symbol_id`) VALUES(79, '39.86', '39.86', '2014-03-20', '41.11', '39.10', '39.53', 963500, 1);
INSERT INTO `ibd50_stock_ohlcv` (`id`, `adjusted_close`, `close`, `date`, `high`, `low`, `open`, `volume`, `symbol_id`) VALUES(80, '40.17', '40.17', '2014-03-19', '41.50', '39.53', '40.79', 607800, 1);
INSERT INTO `ibd50_stock_ohlcv` (`id`, `adjusted_close`, `close`, `date`, `high`, `low`, `open`, `volume`, `symbol_id`) VALUES(81, '40.78', '40.78', '2014-03-18', '40.94', '38.23', '38.33', 626700, 1);
INSERT INTO `ibd50_stock_ohlcv` (`id`, `adjusted_close`, `close`, `date`, `high`, `low`, `open`, `volume`, `symbol_id`) VALUES(82, '38.01', '38.01', '2014-03-17', '38.84', '37.24', '38.35', 717200, 1);
INSERT INTO `ibd50_stock_ohlcv` (`id`, `adjusted_close`, `close`, `date`, `high`, `low`, `open`, `volume`, `symbol_id`) VALUES(83, '37.46', '37.46', '2014-03-14', '38.90', '36.76', '37.25', 1379200, 1);
INSERT INTO `ibd50_stock_ohlcv` (`id`, `adjusted_close`, `close`, `date`, `high`, `low`, `open`, `volume`, `symbol_id`) VALUES(84, '38.01', '38.01', '2014-03-13', '40.55', '37.22', '39.84', 1013400, 1);
INSERT INTO `ibd50_stock_ohlcv` (`id`, `adjusted_close`, `close`, `date`, `high`, `low`, `open`, `volume`, `symbol_id`) VALUES(85, '39.29', '39.29', '2014-03-12', '40.24', '36.79', '37.09', 947200, 1);
INSERT INTO `ibd50_stock_ohlcv` (`id`, `adjusted_close`, `close`, `date`, `high`, `low`, `open`, `volume`, `symbol_id`) VALUES(86, '37.87', '37.87', '2014-03-11', '40.79', '37.70', '38.62', 1276200, 1);
INSERT INTO `ibd50_stock_ohlcv` (`id`, `adjusted_close`, `close`, `date`, `high`, `low`, `open`, `volume`, `symbol_id`) VALUES(87, '38.00', '38.00', '2014-03-10', '38.58', '36.65', '38.58', 1400300, 1);
INSERT INTO `ibd50_stock_ohlcv` (`id`, `adjusted_close`, `close`, `date`, `high`, `low`, `open`, `volume`, `symbol_id`) VALUES(88, '39.79', '39.79', '2014-03-07', '43.50', '38.80', '43.50', 1566200, 1);
INSERT INTO `ibd50_stock_ohlcv` (`id`, `adjusted_close`, `close`, `date`, `high`, `low`, `open`, `volume`, `symbol_id`) VALUES(89, '43.26', '43.26', '2014-03-06', '46.93', '39.35', '46.03', 2946100, 1);
INSERT INTO `ibd50_stock_ohlcv` (`id`, `adjusted_close`, `close`, `date`, `high`, `low`, `open`, `volume`, `symbol_id`) VALUES(90, '44.70', '44.70', '2014-03-05', '45.47', '42.17', '42.94', 1746700, 1);
INSERT INTO `ibd50_stock_ohlcv` (`id`, `adjusted_close`, `close`, `date`, `high`, `low`, `open`, `volume`, `symbol_id`) VALUES(91, '42.26', '42.26', '2014-03-04', '42.28', '40.50', '40.51', 830100, 1);
INSERT INTO `ibd50_stock_ohlcv` (`id`, `adjusted_close`, `close`, `date`, `high`, `low`, `open`, `volume`, `symbol_id`) VALUES(92, '39.61', '39.61', '2014-03-03', '40.28', '37.00', '38.00', 611500, 1);
INSERT INTO `ibd50_stock_ohlcv` (`id`, `adjusted_close`, `close`, `date`, `high`, `low`, `open`, `volume`, `symbol_id`) VALUES(93, '40.00', '40.00', '2014-02-28', '41.09', '39.52', '40.59', 813200, 1);
INSERT INTO `ibd50_stock_ohlcv` (`id`, `adjusted_close`, `close`, `date`, `high`, `low`, `open`, `volume`, `symbol_id`) VALUES(94, '40.11', '40.11', '2014-02-27', '40.55', '38.11', '38.60', 1002900, 1);
INSERT INTO `ibd50_stock_ohlcv` (`id`, `adjusted_close`, `close`, `date`, `high`, `low`, `open`, `volume`, `symbol_id`) VALUES(95, '38.44', '38.44', '2014-02-26', '38.45', '34.50', '34.50', 1765100, 1);
INSERT INTO `ibd50_stock_ohlcv` (`id`, `adjusted_close`, `close`, `date`, `high`, `low`, `open`, `volume`, `symbol_id`) VALUES(96, '34.38', '34.38', '2014-02-25', '35.06', '33.38', '34.85', 712700, 1);
INSERT INTO `ibd50_stock_ohlcv` (`id`, `adjusted_close`, `close`, `date`, `high`, `low`, `open`, `volume`, `symbol_id`) VALUES(97, '34.97', '34.97', '2014-02-24', '35.99', '34.56', '35.70', 855600, 1);
INSERT INTO `ibd50_stock_ohlcv` (`id`, `adjusted_close`, `close`, `date`, `high`, `low`, `open`, `volume`, `symbol_id`) VALUES(98, '35.02', '35.02', '2014-02-21', '35.77', '34.00', '35.77', 632300, 1);
INSERT INTO `ibd50_stock_ohlcv` (`id`, `adjusted_close`, `close`, `date`, `high`, `low`, `open`, `volume`, `symbol_id`) VALUES(99, '35.78', '35.78', '2014-02-20', '35.99', '34.12', '35.41', 854200, 1);
INSERT INTO `ibd50_stock_ohlcv` (`id`, `adjusted_close`, `close`, `date`, `high`, `low`, `open`, `volume`, `symbol_id`) VALUES(100, '35.42', '35.42', '2014-02-19', '36.73', '35.00', '35.38', 751100, 1);
INSERT INTO `ibd50_stock_ohlcv` (`id`, `adjusted_close`, `close`, `date`, `high`, `low`, `open`, `volume`, `symbol_id`) VALUES(101, '35.38', '35.38', '2014-02-18', '35.50', '33.65', '34.00', 653300, 1);
INSERT INTO `ibd50_stock_ohlcv` (`id`, `adjusted_close`, `close`, `date`, `high`, `low`, `open`, `volume`, `symbol_id`) VALUES(102, '33.93', '33.93', '2014-02-14', '34.87', '33.24', '34.73', 505200, 1);
INSERT INTO `ibd50_stock_ohlcv` (`id`, `adjusted_close`, `close`, `date`, `high`, `low`, `open`, `volume`, `symbol_id`) VALUES(103, '34.48', '34.48', '2014-02-13', '34.89', '31.71', '32.30', 1069800, 1);
INSERT INTO `ibd50_stock_ohlcv` (`id`, `adjusted_close`, `close`, `date`, `high`, `low`, `open`, `volume`, `symbol_id`) VALUES(104, '33.06', '33.06', '2014-02-12', '33.80', '32.37', '33.00', 1088100, 1);
INSERT INTO `ibd50_stock_ohlcv` (`id`, `adjusted_close`, `close`, `date`, `high`, `low`, `open`, `volume`, `symbol_id`) VALUES(105, '32.59', '32.59', '2014-02-11', '33.50', '31.90', '32.83', 644600, 1);
INSERT INTO `ibd50_stock_ohlcv` (`id`, `adjusted_close`, `close`, `date`, `high`, `low`, `open`, `volume`, `symbol_id`) VALUES(106, '32.82', '32.82', '2014-02-10', '33.53', '31.42', '31.42', 822600, 1);
INSERT INTO `ibd50_stock_ohlcv` (`id`, `adjusted_close`, `close`, `date`, `high`, `low`, `open`, `volume`, `symbol_id`) VALUES(107, '31.21', '31.21', '2014-02-07', '31.80', '29.60', '29.87', 713500, 1);
INSERT INTO `ibd50_stock_ohlcv` (`id`, `adjusted_close`, `close`, `date`, `high`, `low`, `open`, `volume`, `symbol_id`) VALUES(108, '29.34', '29.34', '2014-02-06', '30.28', '28.94', '29.17', 621900, 1);
INSERT INTO `ibd50_stock_ohlcv` (`id`, `adjusted_close`, `close`, `date`, `high`, `low`, `open`, `volume`, `symbol_id`) VALUES(109, '29.39', '29.39', '2014-02-05', '29.82', '27.87', '28.71', 892900, 1);
INSERT INTO `ibd50_stock_ohlcv` (`id`, `adjusted_close`, `close`, `date`, `high`, `low`, `open`, `volume`, `symbol_id`) VALUES(110, '29.66', '29.66', '2014-02-04', '30.02', '28.68', '29.38', 849300, 1);
INSERT INTO `ibd50_stock_ohlcv` (`id`, `adjusted_close`, `close`, `date`, `high`, `low`, `open`, `volume`, `symbol_id`) VALUES(111, '29.65', '29.65', '2014-02-03', '31.50', '29.35', '30.23', 1099000, 1);
INSERT INTO `ibd50_stock_ohlcv` (`id`, `adjusted_close`, `close`, `date`, `high`, `low`, `open`, `volume`, `symbol_id`) VALUES(112, '30.65', '30.65', '2014-01-31', '31.39', '28.65', '28.88', 662300, 1);
INSERT INTO `ibd50_stock_ohlcv` (`id`, `adjusted_close`, `close`, `date`, `high`, `low`, `open`, `volume`, `symbol_id`) VALUES(113, '30.40', '30.40', '2014-01-30', '31.83', '30.32', '30.78', 636300, 1);
INSERT INTO `ibd50_stock_ohlcv` (`id`, `adjusted_close`, `close`, `date`, `high`, `low`, `open`, `volume`, `symbol_id`) VALUES(114, '30.15', '30.15', '2014-01-29', '31.45', '28.93', '29.97', 715400, 1);
INSERT INTO `ibd50_stock_ohlcv` (`id`, `adjusted_close`, `close`, `date`, `high`, `low`, `open`, `volume`, `symbol_id`) VALUES(115, '31.22', '31.22', '2014-01-28', '32.99', '29.03', '29.08', 2339900, 1);
INSERT INTO `ibd50_stock_ohlcv` (`id`, `adjusted_close`, `close`, `date`, `high`, `low`, `open`, `volume`, `symbol_id`) VALUES(116, '28.67', '28.67', '2014-01-27', '31.88', '27.10', '31.20', 2367200, 1);
INSERT INTO `ibd50_stock_ohlcv` (`id`, `adjusted_close`, `close`, `date`, `high`, `low`, `open`, `volume`, `symbol_id`) VALUES(117, '31.77', '31.77', '2014-01-24', '34.82', '31.03', '34.76', 2256000, 1);
INSERT INTO `ibd50_stock_ohlcv` (`id`, `adjusted_close`, `close`, `date`, `high`, `low`, `open`, `volume`, `symbol_id`) VALUES(118, '34.98', '34.98', '2014-01-23', '37.68', '34.10', '35.73', 2207600, 1);
INSERT INTO `ibd50_stock_ohlcv` (`id`, `adjusted_close`, `close`, `date`, `high`, `low`, `open`, `volume`, `symbol_id`) VALUES(119, '38.20', '38.20', '2014-01-22', '39.84', '37.36', '38.17', 1032800, 1);
INSERT INTO `ibd50_stock_ohlcv` (`id`, `adjusted_close`, `close`, `date`, `high`, `low`, `open`, `volume`, `symbol_id`) VALUES(120, '37.81', '37.81', '2014-01-21', '37.94', '35.84', '36.73', 1343900, 1);
INSERT INTO `ibd50_stock_ohlcv` (`id`, `adjusted_close`, `close`, `date`, `high`, `low`, `open`, `volume`, `symbol_id`) VALUES(121, '36.37', '36.37', '2014-01-17', '37.00', '35.43', '35.79', 742700, 1);
INSERT INTO `ibd50_stock_ohlcv` (`id`, `adjusted_close`, `close`, `date`, `high`, `low`, `open`, `volume`, `symbol_id`) VALUES(122, '35.83', '35.83', '2014-01-16', '36.49', '35.02', '35.28', 844200, 1);
INSERT INTO `ibd50_stock_ohlcv` (`id`, `adjusted_close`, `close`, `date`, `high`, `low`, `open`, `volume`, `symbol_id`) VALUES(123, '35.18', '35.18', '2014-01-15', '36.52', '34.70', '35.14', 1047400, 1);
INSERT INTO `ibd50_stock_ohlcv` (`id`, `adjusted_close`, `close`, `date`, `high`, `low`, `open`, `volume`, `symbol_id`) VALUES(124, '35.33', '35.33', '2014-01-14', '35.75', '33.08', '33.83', 1070700, 1);
INSERT INTO `ibd50_stock_ohlcv` (`id`, `adjusted_close`, `close`, `date`, `high`, `low`, `open`, `volume`, `symbol_id`) VALUES(125, '34.44', '34.44', '2014-01-13', '39.25', '33.15', '36.50', 3497100, 1);